cbindonesia,137237
kai,113922
uguri,131783
vkusno_make,115449
oioi_kg,130668
zorbye,188109
uflorida,121541
hdanielaisaza,148457
ecvitoriaoficial,177901
iwahoriseri,157210
valentinageorgiapegorer,106095
lyn_mwnshop,137126
mrs_zmbi,179919
xj6_umsonho,108986
nuskin,102264
gcdswear,170132
ololol,199872
bc_shoeshop,137573
goodgodabove,168943
eff_being_fat,118126
ikeaonlineindonesia,104322
noghrebakhshi,136346
forzabarcafans,101377
llafe_tgrave,136366
sobxrbeofficial,173274
kajianustadadihidayat.lc,148777
danurmovie,188820
gvoquotes,184534
roundtwonewyorkcity,105312
ovo_id,130377
xanaflyx,106424
lesbianwby,128664
squidwordmemes2,102766
igtoon,158775
bakanotnice,173530
le___perle,149780
n.stadnyk,169805
nataschaochsenknecht,130741
prostodiiiii,124513
catherine_mountbatten_windsor,143793
rilimillz,185220
cw_lifesentence,133497
high_heeled_women,178518
ptica.drkacica,103343
rvvli,113057
zoeshop_chicas,142793
acefamilysnap,102606
bbb.depressao,177483
filauk,128960
tiger_mazani,101811
bvbyprncss,180481
lm_laduree,148559
badbrittanya.tv,100016
mluciamuz,117329
therealbabykim,174800
uakomar,151565
sgnescorpiao,122824
n2181_,109974
ugm.yogyakarta,138336
_officialjkt48,131726
urielfit,119362
jopnuta,166537
cvatik,139815
theshaderoomteens,166107
usiendekariakoo,124792
iamlaryssaudila,136661
roundtworva,136172
pnaiplus,170548
jhanvikapoor,127267
odessaadlon,124262
sneakerflanks,134601
xl85x,153534
ahneeka_,125570
moe_vee_,105044
lnbpma,127797
jsunghoon,153913
aahnice,146473
dpuppetjoselito,112122
nv_ksa,170520
amra_silajdzic,142419
merickeskin,136124
uzithefreshkid,105133
findingxfletcher,127084
uwegensheimer,130062
curlyhairjayden,188176
lfioravanti,136273
bj_lashes,162425
ogurayuka_official,179502
_rwaiah_12,153218
vkookfall,154633
dzejlaramovic,120756
zbrb,110334
hypedc,131697
mcdaag,113165
gdh559,100765
icynarco,109558
pooh,144317
konstantina.gianni,111482
ymiii2,101594
britishfilminstitute,164965
lnstagramcats,124086
uygenial,118417
yayazahir,132689
gentlemen_wear_daily,132086
csemelec,141911
pm_chat,112110
iamcardib.vuu,176960
kxt.1,104928
gtst,104203
gisellelynettee,147613
mvandersluis,165862
okayokuslu,121135
ltnda,128366
vpnutricaofuncional,160042
hqqq,126835
jkt48dkinal,188612
zaziebeetz,116575
s,123944
whoismgmt,170406
aviv_reuven,142914
mytheorry,137192
svadba_kaz,123340
mmauncensored__,179377
pyatigorsk_online,108485
scjxr,101911
rsjdesign,118655
ajifriyanto,149570
idk,115591
cjrofficialphoto,101369
sher_fitness,135373
dvicio_martin,106766
omundodechloe,104507
mr._mk_jadeja,128354
kola_qermezi,179882
olivia.misssy,196538
phiphibb,180118
ahmetkuralr,141720
oatpasakorn,169163
m_tdey,101652
dlp,104797
joom_com,193025
ivitrina.kz,126580
thedmsevilla,147402
shekamoo_haa,177692
qorxuprospekti,105853
vyakubovskaya,186926
viana.2014,121946
klaudia.topmodel.2018,163114
stancpofficial,182539
reganpoole26,114414
pysiula_04,100575
wf0e,148721
uyygonorrea,145090
ask.videolari,138727
hvrlemtaylor,169986
aquitiasbuenas,181447
psisfcofficial,135133
defloresyjazmines,115174
ojdajuiceman32,189538
xgirljp,150226
morgansanson,133228
ulanihijab,115189
dpr_ri,167179
bpaninst05,170416
rpstorygames,120156
kxngcrooked,149922
zvezdaagram,198796
eri.ogawa1102,169808
fit.show,179382
ihhinsaniyardim,116829
yasaripekofficial,174477
gaintrick,188711
hbj_althani,156272
ssstructure,100331
sdp_die_band,100305
gavrilukartur,189956
boom.boom.girls,129953
twopee,193534
xnegzx,107794
meral_ozgenc,129844
kvraco,167024
iran.jurnal,188653
bizzey,137518
rodrygogoes,105355
zsyed073,117320
gabi99x,117112
jpmotaaa,172787
thetinytank,119358
xfrasessx,129235
djrennandapenha,157282
outfit_x_voi,161414
quando_rondo,130132
ajimaura30,198601
aksesuarix,117467
sir,123789
tudtade,149257
veja,118739
jle_kurde1,116389
khabib_nvrmagomedov,105047
rifai__bh1,141605
mdeemusic,105158
jhehann,138916
fortnite.meme,107008
axejavan,187771
dhebun,142768
naovivosemstore,118148
ooutroladodoparaiso.oficial,148630
cbc,112350
w.med_,157954
xo4y_b,118639
ginimbi,121912
sf.v,107555
pt_u_jin,136696
colesprouseupdates,108516
teentop_2ch,135131
sweetie_juliana,133556
dq_b,115749
bts_case,158106
theahl,102863
cgv_korea,145722
b_pr,134897
ehsanalikhanighabile,184618
fvckedemotions,122180
derya.ue,196950
set_online_shopping,105185
nu_yumnaa,130148
bccoconutman,155450
yrnmango_foo,113261
ploynarinn,172576
hudashahinn,128003
ychnkfw,194453
fillemusicug,102509
soydeuniversidadpublica,132025
mb,139568
vhiii,167912
nba_selfpaid,161913
hhzaynab,118864
uzel.kerimova,191722
aqaq,109756
futball120,108138
vncvt,144528
nonoka9148,198109
awlab,165423
voroojak.irooni,165775
acehworldtime,102746
annastagram.official,170469
paw,195616
add_tr,156631
mykroos,107149
sannealexandra,154795
tchize_dos_santos,133802
chelsea_gcl,185039
joaobosco,101079
mvortegon,130001
kcha.qzh.drezhakan,142912
sepidehnaghdy__,173219
fortnite.sa,113792
atomoatom,110492
oploverzz,194752
ieqz,156346
frpassion,102737
wptromol,137450
pudratasarim,118293
ozgeozelofficial,107053
pjharveyofficial,189701
sriiayutarisa,124439
_xd,149511
ldsoficial,150941
asos_us,131036
barbiec7sv,120323
mvrcusblvck,122107
urbancikarang,138697
woahvickywoah,124586
dude_xyz,189586
xd__video,129449
agaburza,100270
mdeligt_,161424
cgdemmofficial,160790
et.worldstars,186412
ibrahimcoban68,131924
uebertangel,168664
xplacidacidx,135032
kjeldnuis,106651
bxxxyn,119324
ncaasports,158417
derwinjames,143150
burakaltindag,165484
justrl,126559
y_r_d_9,106593
ljubaperucica,111754
cut.cu,161432
dustyray,141633
takemeoutlbci,140991
q_97,169910
xmastoras,173558
whatanshop,148076
theocean,196963
blaque_bq,169618
sophialeonexo,117179
lyubalishnevskaya,176411
rosebowlshop,159348
slimestoreita,176560
ufc_russian,169697
mpombor,123881
brian_tee,111129
justine_mb,157691
foreignwhite,128036
niloofar_rajaeifar,131047
sarachafak,122023
dgbeauty,170165
women.video,100955
izzy_dagg,134263
bxbynai,177502
gcodeholsters,163245
nmeen,127617
qasseralsaraya,132935
vkookie.bts_,167652
ylifit,105813
lucbesson,168605
dvelichko,107664
evademello,160199
jayrutland,103772
yael1c,112072
sjdooley,121236
iridescent_boy,174575
v_mire_nogtey,115005
septianayiii05,118088
lcuccarini,173727
audimotorsports_,161396
udlaspalmasoficial,101458
jr_kwt,175537
psychomartv,145497
gscmovies,172747
ks1malaika,160944
rica2official,177507
jsindustries1,114518
g.varzeshi,110542
qy6,121710
pugsloveslime,153395
chamosenpanama,168631
uti_puti_kz,189646
dnes_nosim,136905
ldn2hk,115477
mkpantip,120710
maismu,110931
raghda.k,152470
salloninjomza,191443
snap.reey90,100396
aviwkila,130226
hm18_0,167272
klip.viral,102110
wrestdag_rd,131094
milaowen_official,133623
zenyleyva,161925
jkt48achan,127964
azmeela.gallery,136505
pnh_,130456
birkadinbirgezegen,127941
ebonyday1,147670
sexy_mennon,101341
ktktv,156809
oanamarica,115845
tzute,157879
ufficiale.uominiedonne,162536
djecool,155873
hijasdelalunaof,112867
ceec_official,169637
ybs_skola,187684
ilaydacevik,104458
revistatpm,129037
aw.collections,177147
vyvan.le,172802
guipagnoncelli_,195701
llll.1.llll,125899
qat,149549
fit.body.coach,107503
umbea_daily,127591
gdmbj.th,109523
ekinuzunlar,172492
efipedotrembala,103780
psychedsoldier,176798
siuzannavarnina,133182
ftami85,189538
tanzeel_khan03,145958
ebergius,133799
epicfitcouple,173837
jb_mixmatch,169654
oyisamclothing,161904
qazaq_toi,159640
mehmetalinuroglu_,146763
psico.luciana,167141
vlonecarti,195381
ck_ccalasans,194188
vowmane,146656
djjaderasif,166000
moi_qatar,130032
mtager111,102474
osia2013,154294
mehranmodiri__,105624
epicchristianmemes,137818
wwe.divas.official,152068
pyeongchang2018,172824
glitterstouch_makeovers,120210
dcechetto,124714
oz_nurunuz,136090
tlb.couture,103709
kkubra.bbatuhan,198519
newanja,156281
zlatanmagic,195490
pwa__,181260
zynnellzuh,154833
agjeans,133464
ktm_moto_,153200
hrhcollection,102186
mudo_official_,119852
dyxycosmeticshq,116417
nvertis,110536
heygorjess,126240
zgunenc,106121
bhwrd,140146
zello_atyrau,147758
dresses.on.sale,129991
bnromeh505,101043
skandalet_,127747
_brandongomes,123338
dramalinabakri,149074
xt_660_sonho,188956
_zoe_jb,166190
dykinman,163125
bernakaragzogluofficial,166533
palacealiffsyukri,177807
dkjnsk_shoes,112457
q_moneyyyy,112836
iraq_m_e_2015,130542
atlutd,158832
qooq6,135942
ooutrooladodoparaiso,191991
99sam99x,113598
wapayasosyhorripicosos,182194
vcdememes,122681
hanoathubaiti,192218
oyye_pagal_i_love_you,197232
stadiongelorabungkarno,175757
eme.dj,184250
fbozcivit.ar,181886
justjordan.ie,119277
tbn,179913
zns,111533
cmillettedancer,186321
wtf1official,174077
uusipaiva,101774
oohara_,135129
mtv.indiaa,142599
xd,136804
falconpictures_,155745
hsv,181900
sendelibrand,116688
alerubioc,103693
yst_cute,140269
otiliaav,103032
tamim,108527
nk830,179149
gerid_rux,199585
iamteddya,193846
hlpremium_scarf,110066
equiperbd,199317
bastard.chef,125434
ozel_harekat_tc,199957
yksisblog,132761
fhkdizi,133167
pop_khamgasem,139254
dvt_,126213
wttyler,148461
mpower_officiall,197176
us_sof,155731
roundtwonewyorkcity,105311
u__jee,152961
uzzybarby,104962
hs_kirtasiye,102513
nlpantyhose,124457
oceandiamond,176660
pnavdeep,177139
jprincerespect,110744
_uxv,185177
gbemioo,130547
infobmkg,184271
vi_svelo_a_chi_piacete,105741
aylinaksuofficial,113381
omfgrealitytv,126433
cgv.id,129516
nm58,139714
oblomoffood,164120
xpaulinee_,170211
labellda,158958
omer_hazan,133576
ucifarantikareal,114891
jbrown002,106547
gzsz,168606
rt._erdogan,181171
uwitan,103929
sindirankeren.id,155700
zdzieszk4,143388
opendiariesng,114844
chumpoopraw,154697
mccompany,181896
kurankusakari,125833
georgiaebayliss,126590
skittlespam,140495
zlm,102150
minimalmovement,179116
ojmo_,116497
_r__z,111049
ome,140616
sgnaries,141027
uzalo_sabc1,184767
enamorsalvaje,127773
klpolish,193710
solotuyx,121720
_.z.f,143778
italy,196470
lady._.beautifull,194477
eknayd7,107077
pmism,104389
eplanetsports,128604
maisum,141789
___wxl___,105091
officialmzkiss,154073
mya_musica,182721
wstco,143256
k_ji_h,111668
jdsportses,110390
mn_appiah,117942
atlantafx,164316
ahmetaksoz,175751
srtateran,179581
v_for_veggie,135619
adecastrofont,185398
iosifgasanovlife,105793
rxkingnusantara,153758
uppoompat,194726
nr0750,101831
ejercicios_fitness,179128
uae.events,100281
ygk,145366
24kwhitegold,129383
cfp9,135091
_yyesol,119293
layz_yt,139077
umi.pipik,199105
sdupreebemis,158827
ozna,119354
tdmas_cr,137205
jpabloisaza,106514
za,129107
agne_stiliusos,166016
acbcom,128936
music.beruz,156115
oafnation_actual,182508
m_doii,110150
slime.syhrh,107208
m_albryk,101647
cuerpo_fit_,154774
yks.not,129800
idyllic_clothing,192033
lcwaikikiegypt,119251
ceec_official,169623
mafueng_n,100806
ezgisell,174866
pp.extrapolinesios,195181
mwilkas,137762
dsquaredcommunity,115137
ivettegutierrez,175562
slimeyycreatiions,199682
ultraslanhooligans,146073
vdelcastillotv,104182
noora2525,123573
ax_armina,143011
wbff_official,172311
basicsbysita,186002
vw__lifestyle,181009
noviosgeniales,183512
yum.recipe,137273
unnie_gosip,132689
ftorrente,185989
ojosquenoven_ok,129256
rhdkev,116002
woahvickywoah,124580
iymel,190732
ab.case,156923
fpt_2001,105542
ohodoodeeshop,149429
pauline_jackson,139973
esbatt,166346
qwinv,154153
kulmary3,125448
wjoud_m,191583
realhousewivesatlanta,187698
poohdha_shop,131958
aaryn_williams,169893
gdeed34,112638
ok_oo54,184327
mzzdopeness,119956
bpf_jesjones,137762
realitytvteainc,195606
woahhvicky,117897
wriddhi,157445
zel_altofiyr,122489
beb_ek_gida,178047
kalesaladquotes,164262
unssolo,101564
eynanan,163116
__ej_______,115644
nflonfox,121229
bz_official_insta,113205
ul_yanapilaeva,109457
glennsamuel09,118322
fyzakadir30,150522
fimbim,123357
jaziraty_,100446
bjorklundgustav,188485
otilia.official,132855
jhanedouze,146052
iamwandasykes,169303
71.an,112867
cybex_global,156362
keobutik,164835
llll.1.llll,125898
_cjsalvador,142925
husovyn,125200
sjyp.kr,111512
arshfam,107517
fawaedquran,123537
cskfansofficial,139423
hwiw7,117244
imikriollandeza,181524
paylessph,164766
slim400blk,108401
tanahabangproduction,132231
bvddiezx,114798
facenews_jp,103655
jthamer_,134877
aj11ace,170823
szuyu0602,147029
xumarxuxu,147622
erinkrakow,192872
kuzbass_news,120293
xgo_odx,117574
xhevdet_jashari,129906
yvonnechua,138016
vanessavanjie,164926
vz5e,184702
plvdsports,140817
tashacherie,100277
cm.punk,125254
techamuyoo,177110
mlozaperu,161440
ih_dressroom,173558
elizabeth_ez,170192
ooh.sehunie94,184648
bk_gudmundsson,125798
hdbileklik,176606
joseeksabs,136792
iharibaskar,198013
woonari,166161
zonakorea.id,189390
ossama_el,150173
lnstagramanimals,115039
szuritaoficial,179463
vkv_,193448
awatpage,141473
qalo,176945
teentop_2ch,135130
constancewu,135905
fnhumaidhi,188370
ozentulin,188012
iurisheikoficial,164729
ejking21,121178
wfvf,113190
vh0v,100478
parastoo.qbani,101939
hanayalbatell,129094
ryan.plv,108348
eeviteittinen,110988
jdid,186012
ganna_bogdan,106787
go,110923
gh_myhyv,128483
pdpatt,147669
russellsbc,131140
muymona,173841
mr.jollof_,140250
sgnpeixes,116496
wompublik,158147
sgnleao,129923
eman,111050
kmn.nash,193455
bbbdadiscordiaoficial,100644
mdadashow,122990
nbayounngboy,149655
jbret_q8,106110
uglyboyivan,106437
ghyan,109060
kvartal.dance,153522
ct_gamesid,105268
rpstorygames,120153
tziaaa,168098
bz_golden,154045
csgoturkiye_,111836
oaktreesyk,102742
vuvanthanh17,110237
dnamagazine,187993
efl,165263
aa.audios,100394
sevki8mine,178702
i.nurlynnazureen,186575
dc.marvel.jpg,117016
ukiss_jun97,199994
vy2o,179435
kristingjelsvik,120051
kuzbass_news,120291
zoe.topmodel.2018,120386
therealgza,111606
elitelife_kd,101934
mgdalenaf,142056
baskan.1903,111807
fkqarabagh,142877
everything.sucks,155432
268y,109408
mrmrs.s.a.d.a,112890
vz5e,184696
_mistersammyc,119563
yksnot,153610
addictedtomaakeup,128427
mnor_alfarraj,100094
slimeitar,132033
sophiemusicxx,121131
odioelazul,105264
eypio,153413
paramitataniaparkerrlrana,143051
qorygore,125054
boy_kov,131558
dghome,169977
zwanettameyer,133029
lpga_tour,158822
nhl_ref_logic,103256
jdougy,128969
mdembele_10,184439
cyberalma,106510
fmb_dz,118031
qmillertime,117974
ymercedes73,114384
rh_ab,143226
b0_3ateeej,156650
cvssiel,150344
pberg44,101147
timmyd25,132795
cfernandezok,162361
funnyheadlines,169054
nqcowboys,128532
episoft_arabia,117508
rjmrla,195398
i_wx4_,103888
kfc_kz,101451
pi_channnn52,126960
smartgains,113278
escrevopraelas,151302
lmosh_47,188803
ntk_channel,164636
zehrabora,131689
andrija_terzic,136760
kabluchok_____,114132
marko_vuletic,108772
vestidosparacasar,184479
azar_official,108932
datjulschen,163480
cdiamond.gif,141122
harikabilgivideolari,162822
noahurrea,126004
hashimoto_kanna,145916
xpensive_abokiwire,158767
melekozcagancom,114318
q_news,102955
fhadww,135797
vrettos_ilias,194097
xeesoxee,141363
vual.boutique,170455
exopassion12,114763
besty_moon,176193
tlb.couture,103702
jjboce,144033
localkasai,141383
utamifashion,163036
______wna.sf,112934
ojeanluca,110861
persija_news,116272
bdbaofficial,104634
md_entertainment,180331
go_shopping.kz2,111449
oquefazernorio,131924
uw.sayaka,165420
starsxu,101065
kissfmuk,154717
filmeyturkish,101517
ekunakanchaveli,124092
brojaq,132790
tchibo,145951
ztb_show,145853
bbbdadiscordiaoficial,100645
gnouhtman,107364
kubotakazunobu,164138
npmalina,106932
q.qx3,141053
jonahhill,155891
bottomsupespresso,195170
observatoryoc,130984
__univeti,105750
ldsdailyscripture,172427
lydiabosch,100664
chrismfngilly,162352
realclubcelta,115518
bardigang,175457
kdrama_fashion,154359
xfycx,115749
potnoodlefringe,119590
hashimoto_rina_,159881
ezdiet,111368
gq_guys,155228
theassstronaut,125296
easyclothesvetements,105561
gerid_rux,199587
iyaai_sofyan,121769
himaallo,135682
malika_kabli,171626
peey,165367
pxdkitty,108291
chemcsorleyx,123560
rtlnieuws,135422
yvonne_catterfeld_offiziell,159190
usiendekariakoo,124790
analiafranchin,109612
tk.xavier,171720
jdm.auto,111263
actorleeseunggi,175633
efespana,121304
motocross8s,136790
abumusic,115501
qbee_wedding,140403
ufc.news,135854
vraiandoro,132325
ej2,148185
fhkdizi,133166
imkaii88,143955
apl,131812
qc_j,150107
ehsantaherkhani_,147071
mzakharovamid,123644
ju.lee.daily,122837
sina_heek,124832
henry.lau89,107976
pmjofficial,108334
kristinayantsen,151600
itsexii,160276
hkschools,119946
ngakakterupdate,155304
evi_sobari,105404
exoxsoo,138638
breykon,108365
brandon_michael_jn15,132236
l_k,141375
wtfcomedies,195420
catkate7,144452
gnambox,123011
slimeyycreatiions,199687
ogbeni_adan1,153834
_iosif91,110677
qualityriri,134293
nkdew.shop,164069
sh_blog,129751
zxnoseuplipsmilezx,138178
bdly63,152293
mzmudatrzebiatowskaofficial,109346
jhart,189222
umbertone_real,154237
cjasib,137701
kawaiigirls.ig,176308
bestdailyzayn,126986
kk_fit_,126419
pblvofficiel,164310
dubailifestyle,111557
vkusno_s_elinoy,135017
aaziefkhalid,127351
nfnooofy_2016,153145
kjskorge,164082
hwangseungun,146459
gzlan_younis,137783
paolo_bellucci1,169218
rgr,100421
si.rano,127927
pferdeblummee,110864
anabelci,142128
pjcabrieres,153527
by_family,115887
zetoooooo,153093
giscadmelia,196526
nmotn_,197295
dfordelhi,129226
oatmeal_stories,162397
jc.ro,105133
sensuality_bnw,190877
mutoshizuka0204,128442
einavbooblil_benisti,105650
epicbuddies,193083
crusadersrugbyteam,118724
pyopyohyemi,108766
uyi_amelia,111652
kgrahamsfb,129398
tribuna.uz,115953
jbl_brasil,161146
everyday_abby,101058
oaktvonline,162491
lfc_4_arab,124567
sgngemeos,122111
owencheung,111346
iconicakes,181589
88bbong,119683
katibuka_,136505
mutoshizuka0204,128441
hamsar_e_nemoneee,139444
bizimhikayedizi,180626
tllvc,111619
max.echtso,120728
6aqio,193218
cvspharmacy,110668
divaioilaria,108689
jba,107074
dragonmemes,176504
slimmingworldxgemx,123441
awww_cute_posts,141009
uppoompat,194724
skylergisondo_og,122612
supermusic_id,117966
ishihara_satomi_fc,149953
gl,133862
butiku.lenti,109137
fsiuff,124837
uwu,150072
jpeturismo,101019
laceymontgomery1,166462
gsbn.alekm,115001
wrestling_motion,126109
evi_sobari,105406
nfltrashtalkers,123607
ngocmon88,173197
azoozalenzi43,102975
rc_aesthetics,116308
vrutalgames,166133
weartoeatiff,104206
nurtilek_asaba,141761
pjmorton,141634
plage_jp,113872
noora2525,123571
rouydad24.ir,101422
gberlanti,114127
iqiyi_idol2018,110562
ht_kulup,140879
mpasibayisehat,170194
officialai,146905
bolagoalfc,143001
taliquindio,179392
brinkkty,166220
my_shoes_aqtobe,102804
chrisgqperry,155249
thecwizombie,199325
caknunquotes,147150
adelalinka_twins,183982
ezysun,124605
motors_uae,163489
tpablow_2win,106631
calema507,138845
guneshin_kizlari,105726
cklassoficial,150336
kickstq,126352
rwb_rauhweltbegriff,144434
yzomandias,106187
aubreyblack,126995
anniezanasir,121425
rma_kurdish_c.f,100436
fujitananami,140865
fwiz,119358
jfwofficial,103397
jjessicafoster,162909
shadbase_ig,133228
__ll.gx__,112667
moe_uaestudents,124481
belizsen,106307
jns.ptrs,117729
potecaru_denisa,191166
4tiktok_viral,141385
cliqueshoe,110517
cvshed,175573
sketchlondon,191470
bumiauw,129453
boyiman_dbi,176779
kristina_privalova_usi,130140
kwkb_alt3reed,117964
utopia_nl,104104
g3e2,120019
sad_citizen,111977
pizzahutrd,126119
juicewrld999,122984
katrinzytomierska,145651
jscarpellino,123802
ifermorera,123357
lyalya_bounty,123605
igorlovepapa,180623
lslamlove,110130
xhobbiestienda,144897
zlatan_ibile,159686
cin_suarez303,153384
ibabalhara,156981
obbyys,196312
enwhytj,144432
epicaofficial,192897
o_antagonista,101147
khadeeniam,196570
ai__hashimoto,172436
iitsad,112750
tge_ldnm,163775
xusojones,159861
ehsasat_,167652
kufashion,140008
drtodd_egamedical,135943
swissbeatbox,179910
cxandler,175002
ctsafuraa,192445
bhmgofficial,170552
jzzpics,124701
mtmmaki,186815
nazirahnasir97,130233
tvn_joy,186904
umjaser22,136299
senanlatkaradenizatvdizi,171724
zhest.ax,101892
dopeethiopian,149611
sendelibrand,116687
uahooligans,104434
xcocz,110560
strasysty,112692
tswiftcandle,183799
ringirin,157322
cantorpg,178537
mtvcharlotteshow,134488
sun,115638
zhenia_taraschuk,132024
cvetelinaianeva,110747
louisvuitton.world,119627
magooda94,130838
rinpotage,134495
djart_marut,142754
hyojin__0705,164627
yekooooong,145701
88bbong,119687
nd_shoppp1,112986
zd.6._,102241
besty_moon,176190
globalsavagehq,120137
iamehramadrigal,187651
bingosnapgram,107642
owambeuk,104930
r.mjirm,105740
appleipy,165312
indonesiatillidie,103504
chefjayps,114377
zloi_kyrgyz,128750
mariavittoriapaolillo,119604
dilanthemovie.1991,101412
ilkerkizmaz,142267
ghetto_trash,117692
exirplus,129642
ndsbabyshop,128698
qqq,153145
ufc_predator,176650
olaynoel,140266
lovephilosophy,186744
twicemomos,144461
sbm_transtv,126511
bts.rapmoonie,159539
dlx_od,102877
pertamina,122409
thepurplecupcake_,150323
justjaredjr,193638
yams_pirate,141550
harrydailyupdates,157543
xx__dain,103951
koreastardaily,110163
marcador.do,110525
xeberler_azerbaycan,173594
ulkucumarket,123399
urfatherfigure,168678
hawamell,121701
offspringhq,144129
xobeya_,118425
imperiobrumar,109096
kxanturaev,161664
onlytwitter,165833
cw_theflash_arrow_smallville,145565
vk_interior_design,146549
kb2u,165549
ezurinkhyra,149688
itvtakeaway,193531
aubreyblack,127013
owlcrate,169373
sx_x,108286
mzbeckyz_fashion,130485
pftcommenter,151980
bonganizungu,126485
pwa__,181264
harikabilgivideolari,162825
dorehami_original,199608
xmossi,163422
kfcindia_official,137535
ri.www,144350
musically.ita,183265
zquad,156812
ricoblanco100,169047
ohmandy56,159434
quotes_anakbola,151328
xellycvk,112584
swrightolsen,132556
theabernice,131564
gulay.yldzzz,107242
zghuol,169394
dj_abba_,156538
dres__w,157495
pp.vkysno,114625
sebikes,118179
fran,182031
bulgarihotels,167362
mwamofficial,177868
rahaay_,158402
sgnlibra,122307
dgocardenas,125806
tokounionjack,174198
nu.ski,110434
mchoangoanh,118587
zero.taeyeon,129860
pccomponentes,137348
yunikon.slime,114077
csgreatwhites,158141
dvble,101967
hwimmm,139346
squishyslimee_store,113953
tokounionjack,174197
mkffashion,109614
ehrlichmaria,133102
trt1,183998
hdtesbih,182129
tsamaradki,111985
vseshtuki_ru,100544
myhappinesz,160341
ksubi,121961
_boqz,112120
nzoomfakih,198971
dyt_elvanodabasi,106670
vk00ki,159417
kd12s,121470
brazy.nique,122996
bshop_official,143031
miaspferdewelt,146768
music_facts_farsi,103423
jlp,146502
murderer_tommy,160264
classicfm,179632
jkt48yupi,153684
umotariano,120460
pangployvarin,198623
momatico,132982
jd.whittaker,138746
fcdub,141404
mobilelegends_bp,128046
pigss,140799
wf,135748
mcyspams_,117065
swift.itoff,168412
smparisian,112387
turk.serials.f,135069
rkernguyen,191785
cyclomusica,143618
lhakyila,145782
eng4ksa,134628
kylelong75,141287
http.camren.otp,127556
xomz,101901
photocriticgallery,102726
hyke_official,152771
ebruerguener,165885
equineperfect,144032
ozzy_suzy,127157
tat_serebroofficial,144894
stmsruro,132677
jewdyhopps,110305
nstankulova,124635
imsyedsyafiq,137720
jhsuh_0717,124699
oeufnyc,111016
szindy,118643
gabimagsan,103022
vusalekerimova_official,176166
husovyn,125199
perselafc,162559
mtrubisky10,148757
nhk_warotenka,129270
deeplovegoals.1,183568
mohamad_raajeh,135026
bjorkodins,111983
jh.e,101676
equipe_du_maroc,127600
gqrussia,148209
ajmal.3roos,117757
enguzelfilmler_,162145
lbylcb,175604
lnstafails,130560
nrhxnabilia,188778
backless.beauties,127347
vvip.jatt,105681
wldnjs62,123575
zman_gallery,118065
pdentista,135804
cahu.sdc,118238
hmin840,160223
uunceshter22,174746
mukbang_eatingshow,189605
pxxa,125331
jj_official_jj,101943
kseniatarantul,145999
mvx,112642
dobromirabella,132434
kvashenaya,183217
lululemonausnz,183742
qassim_girls,174529
ymniah_bx,159063
aykanferesh,191557
slm_kg,127216
_vj,111763
tipscreatived,125236
bardxra,131359
tumblrjacxbs,112640
that1legmonster,180726
rifa_ruri,123510
cw_blacklightning,104426
sohee_fitness,176738
veryfreakyghoul,170234
avtorynok.kg,136313
fcgoaofficial,128108
bbb.depressao,177478
dtp.dagestana,176306
izumana19890629,105320
jbgill,109445
ukathletics,100876
marthicamuvdi,104236
from_minju,196016
ikksofficial,133983
rsvpmase,187058
lpa,146866
cnkplg,144150
rilimillz,185221
og3ne,191834
whiptudo,174600
oye_happy,101089
klho.oficial,124138
jennyshopp,177609
voltronofficial,187050
ntvru,128364
wwe_live_fights,121298
mahdis_food,183116
serialpolice_zkd,152934
ghalyh_gh,199185
thechicnatural,136289
qonitagholib_official,112744
gulay.yldzzz,107236
florenslilium,136312
gzmdnbtngl,191504
rbdecoracao,103063
brumars_bn,175190
jumanjimovie,125588
rzooficial,167033
pzishki_kurdi,180724
_.duniya._,145193
h.zd6_,122252
typodar,160858
sjs_b1,153256
pplwithclass,105783
outfitspertutte,189333
afsanehpakroo,198420
fashion_jody,128414
wex,191856
wclosetwearsinc,175273
oyindazargaza,147733
nihmuller,160534
bxbyshawty,179225
fxxldoggssy,170832
sintumiradaof,178212
dom_ili_million2,142499
ep_fashionhouse,117382
t.r,192165
niloofar_rajaeifar,131042
pbdjarumofficial,104045
tumananatm,142373
kt_tk1,172349
brazy.tbh,192488
style_honarmandan,134505
ohfitness_ie,102515
cp_company_official,110353
dblindonesiaofficial,138435
bwaofficials,116667
cmbynfilm,161408
iggyweb,145660
infinitislimes,133997
skincarethreadsis,162092
bin_asj,134141
oquefazercuritiba,155938
irene.rvelvet,133062
zero.taeyeon,129858
dbetances68,197126
elisabecker,103197
jessa.collection,129498
kumadayoko,138181
aantonijamandir,134157
aoi186,146177
ahmad__helmi,150819
realitytvteainc,195602
lebas.majlesiii,116144
hgabr,139078
hxxsxxhee,163945
nxshaya,198104
lb_boz,130007
pentagon.official,198364
mmg_princess,165167
ajrafael,161703
rc.o,146956
lvsh.papi,178410
iktaa222,127798
ajuliomacias,108429
donyayeshokollat,186002
ukfirms,114014
ws_boogie,156674
jyloindonesia_official,153154
gpslifetime,121389
xalana,124969
ahnlina,122292
zmane2,109301
lp.ahlperformance,103647
fvonf,138670
gecce,139664
ptrproject,106256
iklan_balikpapan,146695
tseng_pets_ohyeah,125420
njpw_k,126619
borneofc.id,140853
56_dreams__,164711
xriztagram,189635
ohsehunoona,137335
wyschwifty,111115
azizaustemirova,116926
hwang__unni,110478
jdmccrary,169313
kpop284,100721
iena_jp,159300
laura,138778
awww_mera_baby,103508
kyznec1310_official,142576
nr0750,101834
chp_krd,135750
xwani_shadi,121076
zendayaupdate,161281
mwendemacharia,164434
marinka_xachatryan_official,119774
guneshin_kizlari,105723
nhk_asaichi,141265
fukushimayoshinari,197572
syiraaswardrobe,115681
zbr,179791
66.lh,116020
unikkatilofficial,169102
tntonyan,138362
ceec_official,169627
harrydailyupdates,157541
umarpad_,144135
video_enjoy,126693
lc_steele,106856
kd1s,181820
mcclofc,163001
ttop_hot,119545
garay_st,183138
pmmakeup,139899
mdfhima,141363
czarekpazura,102709
umar_nurmagomedov,150353
lfcomprinhas,105430
xcalikins,161462
unam_mx,132744
kodak,159213
seventeen.kz,124562
eenujj,101791
favi1364203200,102995
meythabtq,147451
x.yb5,129815
gotoskincare,115533
cv5c,120969
simgefistikoglutavukcuoglu,186708
cadburyuk,187862
zionfelixdotcom,173003
turuncubikiz,112781
geox,154697
mxmttt,155200
easportsufc,155742
fjallravenusa,173181
wowptweets,150054
almutlaqco,156000
eccoshoes,113234
welyanalbaiaty94,191692
tythedancer_,155805
kje_,107475
exatlonromania,109308
ifandarizky14,104245
hvuq5o,102560
she.fits.that.dress,144532
ebenofficial,186430
batzninja,192728
yazan_v,188708
musik.covers.de,155719
xv.b,123766
fridakahloo_,149563
kharid.foroshe.lebass,105787
caknunquotes,147156
ijennyan,132602
rgrazorramon,108680
tgcbyrgl,183445
lupinheiiro,108533
g,183445
shamimi_shamsudin,124231
csgofelps,143301
uygun_avm_extra,157303
coco_airi,103723
ludovicacoscione,122892
deep_lit,158435
jangmini,176146
gnarbox,121121
pyperbleu,105703
dtaegraham,116756
taehyung_bangtanboys_,111735
foodiesvids,178561
luandradereal,149193
mcmagaloficial,131244
pwgfreestyle,131175
jodiemotovlog_hd,177493
prince_fj_,132913
ktutmaria,125532
iamxanderford,116107
z.y.o.o,108087
vw_golf_club,169718
haraj,187667
daybyday55,180364
kylasorad,103321
meme,107182
xurvashirautelaforever,123468
iu_official_news,181900
xushtrin_stran,157357
oeduardomelo,172345
zzmzx77m,178393
ht6n,161612
acunseymai,128497
danceiran,146226
vkookfall,154638
eu_meapaixonei,155811
eunbining0904,163868
rica2official,177515
mmm_still_limited_edition,173480
daeheon_hwang,133623
rnbvb,107094
body__club,199017
jhihaan,141397
rfi,170048
bz.beauty.collection,134283
lmg_bangbang,101534
iammadda,150989
znaalmnogo,126576
fwvontae.x2,136570
itv2,103697
ngvmelbourne,190554
olivia.misssy,196539
jktienda,115493
kuznetskymost20,102184
pporschep,187770
tkmaxx,128426
hsin.n,142452
nrl_bulldogs,100223
rh_ab,143222
jpickford1,109233
obagofficial,146367
sgnsagitario,109704
fatemeh_lxi,118991
gmb,140998
xka,171657
ourvadodara,171292
htfanie,102156
zweideutig,161786
otherhalfnyc,107462
lnbpma,127798
zdenekpiskula,127426
bsma_alhilal,192284
info_singaraja,135765
gulay.yldzzz,107241
ajithkumar_actor,176105
lena.or.lisa,162769
wxviic,102434
alpererozerx,165512
eri,123805
jinmiran_,141046
ximenamoral,154374
jd_customs,128663
mazalot_israel,133016
gymxmel,132121
kfcaustralia,110034
azra.arass,131883
mook_kwaii,117890
koolfmmy,153772
ahneeka_,125574
ksalom,128396
bfa,129429
mae_de1viagem,147543
nnnnae,191380
tukul_lailatul_qodar,192487
yiyannyang,150906
eyra.hazali,119502
hn_90_86,104175
paok_fc,113162
ooutroladodoparaiso.oficial,148629
xuanxuantw,154869
the2012bakery,170182
eodmofficial,122458
cuplikansepakbola,102016
hrisistar,175914
adidas_nmd,154053
ezvxx,107121
jmmanzanares,167366
vyacheslav_star,127592
ece.zaim,169828
xtraminute,101272
oxypuki,133020
asl_ahl,196216
ci,106071
ojos_triste,181973
vanezamg,139546
louisvuitton.world,119623
dxb.smsar,101245
eebruu___,198048
dawriplusksa,199130
aanamc,125451
bjk_basketbol,110448
azrakohen,100768
myles_barnett,172100
uae_7alal,111398
_lharley_,129870
hfc.o,161894
xpedrolucas,179800
wdzg,179904
comediandarrenfleet,186785
t.q,113182
jli_kurde_badran_bazaz,177332
aysu_nourii,103382
andibesset,138311
tk.xaviier_,144438
dierotenbullen,138719
gnty__,105821
eigames,145116
rosalia.vt,111974
lluciferchan,109466
dhee_kiki,137279
kpop_receh,181396
fvckemtits,178441
nzarsalami78,129689
ifuennada,145614
soylunalive_eu,162429
yldrysahinler,119109
marckinchen,125568
vw_is_a_lifestyle,196611
jordan__mv,160525
its_a_l_e_x,106263
abrajto,123339
hzaz_40,112253
nrsyafiyah,144805
mode_ghab,135510
crvenazvezdafk,127803
svodka38,117379
xolosoficial,118566
egefitness,109043
chicbae21,186920
atyrauoil,150172
bokado,146194
hgchristian,128992
ljubavi_birali_smo_kraj,112616
novel11_,153879
ics_infocegatansolo,159062
xoxoapo,128615
qbee7582,104127
aida.offi,197469
fyahbwoy,197627
arshida_arnikaa,155957
lordkierra,108300
korean_drama.k,172957
michal_szpakofficial,133500
rasha_shop3,149808
die.kim,145339
jmcollection,103251
il_corpoumano,138680
ohca,107642
motors_uae,163488
wain_o_bkm,186584
jhanvi_kapoor_official,112008
ivl,105611
bellaa_chintya,127016
ms_berrry,173389
ogdota2,120756
rituu.t,136987
udari_warnakulasuriya,163451
mariebrethenoux,145021
ehmalaysia,119431
werderbremen,158316
quechuchomanucho,197590
odioeldorado,123442
xeberchi.az,166797
byleway,177947
li_bash,144195
fherggybaronaoficial,176372
xchadballx,122853
xsannykaur,131201
cw_dynasty,107656
aestichs,170552
lmen,112453
ncacheer,115605
xw.fares,101905
kudo_shizuka,195961
nk_collection,121908
omercansuu,194666
nobardisini,108512
xc7t,110218
xlindseywayx,172683
ddestiny_diaz,128204
juventinew,102634
ggmu_fans,132688
th,131459
dilarayegin01,169646
fdubosc_officiel,196863
beautyinlove_shop,128033
luculucu_ajahh,160360
jgiraldoreporta,162081
ikkamusic,158539
nps.neymar,135219
musiacal,149093
pga_johndaly,161339
journal_nails,143771
vladyslava_rohovenko,194569
ghafaridiet,109897
okd,145016
sendayu.tinggi_hq,182211
_iqbaal.e,118756
caliallstaring,110996
matashia,183310
ltlindathompson,113781
jollychic_ksa,141588
xlisa_olivex,170615
utdindonesia,113773
fhz0,160745
victoria.topmodel.2018,111483
ub_cintasunnah,127627
fyraalyahya,139479
lpdp_ri,189570
jlofashion,192238
alxcext,190354
ycncevids,141825
jheppner66,129465
zyalexisl,114295
caknunquotes,147157
s.dinalife,187354
kbstafford89,132105
ljcordoce,127021
mpergoliniok,108738
oviyahelen_official,195218
tobibakre,192183
xnovil,181857
asl_ahl,196212
ejmanuel3,102915
mgolomazdina,103210
qparker112,101128
the_attico,142347
pkrupinska,189780
kufurbazvartoli,154470
wjmean,105877
hes8_,105593
dnau.spamz,112903
nsyakieb85lovers_official,137958
bbnaija_018,171393
jdsportsfrance,130599
wtfkennedy,131088
dizicibagyan,166472
yinllusion,102168
ecebegumyucetan,176869
stephencurryvideo,153365
inestashoes,127425
pjbraunfitness,106777
ifunanya_thompson,185164
vr46fanpage,140360
ycgunna,179457
oquenaodizeroficial,171268
oquesoupordentro,103296
jailyne_ojeda1,100570
pazarium,105069
lthqofficial,106541
jilsander,195172
sriwijayafc.id,103408
t.yurikuma,105340
ram2momo,149846
janchan.xoxo,134072
gkelite,186565
nwary.dxb,108926
gvsalazar08,110681
svinoblud,190659
cxninjay,189054
fwjoshy,199388
jonahhill,155893
pdpaola_jewelry,144424
dxracer,117627
zyskuxena,125025
beritagadget,122872
zulaoyun,164551
iam_slimcase,148816
nr0750,101832
utamu_upo_hapa,161302
tqstaceyy,165417
zdrujekkk,155486
fatmagosaibi,119910
fkrh_11,121852
dreamscapeph,161906
rsstory.id,133884
efsanesarkim,180164
xsabina_21,197298
katoni_pirozi1,173178
y.na__,134794
bqlq.qi,197789
xclusive.sneaks,138311
izzetcapa,182569
cahit_baskent47,111110
mymoody.z,132946
tw1tterpicasso,161554
cbas,152198
myfunfact,123284
fsmaldives,135169
zytadeliaofficial,164397
mxriiogarcia,101005
sr_dan__,111023
turime1996,111529
vp_shop_italy,104696
uyainaarshad,126905
xambassadors,112395
ephesusyayinlari,181924
kalbimegomdum,141304
jiminews,119941
torontofc,152751
instafollowers_real_deal,174088
umika_kawashima,170227
ewtnespanol,128127
mrs._zahedi,118819
wispyslimess,169190
st.killer,120579
harikabilgivideolari,162824
uae_football_1,149058
comentabbb,115143
mr_mrs_sandhu1,101923
cnr,104068
nikos_oikonomopoulos_official,160860
sark_kot,126879
pazam_gram,137184
osymsevdiren,165383
kmart,120368
izkorbi,134880
spongebob.moments.de,146986
ohana_runa,142522
xtemtacion,169662
cinara_official,151694
jangoolakbaz.official,194339
nvjud,154186
tinacolomboofficial,112728
elina_arai,128196
thefackelmayer,116486
kbr.nalchik,121405
dky_tuturu,128007
twiiic,131320
hsn,151086
esteghlalclub_1324,193819
unnie_gosip,132681
iggyazaleaempire,157572
wsudlersmith,137665
vitinhooficial37,118693
n_zanattamtv,157874
df_33,101493
cdpred,158319
jsmn_endrs,144473
qook.kz,106641
ngymn,179868
esrafet__,136435
echt_apparel,102548
ytsnowcatxx87,117213
lgbt.teens.uk,104556
jcolliermusic,157720
azadylmaz,172952
fbbtops,116356
kweyb,155832
m.h.g_1,172385
maintopic._,123695
rzabaya,173902
fjalperfekte,177133
afilli_sozzlerrr,185314
qaftany,162495
cashmoneylavishd,108874
eemmahallberg,125203
ldsyouth,121957
ooutroladodoparaiso.oficial,148628
sgnaquario,122384
bizimhikayedizi,180627
qaza_deser_1,132070
l.h,116696
callmegt,102039
qatartelevision,122379
soulequilibre,198753
xtina0505,105989
gmk009,163608
vemale_zone,108676
sevil_mohsen,124029
grunge.80s,103343
kkeeaattoonn,151403
cube_clc,184406
npastorioficial,153393
thecurly.club,140077
oylesine1birisi,160408
ughfreaks,109901
koningvhbos,104321
vcp.moda,159668
vikidivillegalle,146700
itsofficialmarco,111825
fmcases,107551
biblicalverses_,103151
bingo.storyz,152218
idaw.zm,128578
nhl.discussion,161103
bstnstore,138271
bh_muharraqi,149669
why_so_serious_rk,163279
f__f502,109413
yycomedian,108428
aelita.official,115925
peyman.maheri.wsm,142045
gymboster,114006
avantii2,104646
ebbavonsydow,101012
iqomic,160723
oana_nechiti,129907
zks,143500
ponyeffect_seoul,179669
chat_graphy,145014
fortnite.meme,107016
gymnello,130283
hliwsh_spt__org,103221
cikb_havoc66,187894
rta_dubai,110927
yd0821,182063
korean_drama.k,172958
yg_blackpink,135916
skunkbrasil,127977
vladdyjr27,141191
yusra.geyikk,113468
ndmikkiholic,191678
birchboxuk,118067
yusra.geyikk,113469
video_classy,112527
hrxbrand,103530
piaslapka,115209
qaymha,116252
___xin___,130159
ainaraadominguezz_ly,161876
bsmp2,146006
7alaalbiet,115895
ok_mag,197001
gtapiasosa,103755
ave,131449
newwaveshymkent,139553
twdtruefacts_,164566
k1takeru,164307
eminelifbutik,178785
denise.mski,155101
oshinnbrar,116188
yasaripekofficial,174478
szcndr,135803
bpdarlan,170293
yanira_pache,163628
boticlamisrasht,110560
nctujaehyun,111867
fkitchen22,108266
sweet_editors,124524
tdgarden,122715
ooolalablog,178591
ikinci.el.telefonlar,157749
zperformancewheels,101045
ifuennada,145624
kobi_simmons2,103184
eepb_,145212
too.halal.for.u,102497
our.jeddah,159302
mornight.4,139055
floralfoamluver,123184
fshosseini,124661
owl_isaac,101149
pn.x_,117166
byangelaprice,114021
bdawnfit,115438
ladieshopsheneeds,159464
_y_s_s_a_,135482
sex_ypanties_1,124593
aa.alia,103019
lfcladies,105334
accidentallyveganuk,110413
tipavlo,159145
curlyyred,116239
jbl_brasil,161145
xm.k,189260
obsessedlele,171607
pamelapaz_,143849
ardasha10,114201
ttaallaaxxc,181127
dbz.truths,155038
hsiglobal,112395
pftompkins,123384
goldreneee,101408
cstarfall,144862
j.fragrances,125769
she.fits.that.dress,144533
__bu,103873
blesiv,119127
mod_ttsh,101336
nudestix,131433
ssx.spamz,121574
jsi5,185080
jangmini,176147
ql3t_alt5fedat,172524
sgntouro,125661
stay.lalisa,137755
igorlovepapa,180617
ablarralde,113900
zodiacs818,110833
nobardisini,108510
ceosayavethinteriors_and_hotel,124386
cycle,163329
realboomkrittapak,187334
storebagus,115650
g,183444
uzi,115869
_xl,106702
lolwa_gold,116997
tjlavin,168020
wmwmwmwmwmwmwmwmwmwmwmwmwmwmww,116273
fv4,130184
frantz_julia,191926
jmom_table,152228
pprevc,121835
mjlflickinger,103370
cb_george12,133486
qchocolateksa,153928
killy,183893
villarrealcf,126297
cpm22,134583
udakuroom,145142
edu.divadepressao,133685
rdbvik,178723
xx__dain,103949
sexymodelsforu,143810
olechkafomochka,118054
azhansi_hawali_parti,170725
mykhins,197236
nikolaenko_a.d.c,186566
bhabhi_vanshika,100787
graphicdesignui,144939
xzaminer,123540
ainaraadominguezz_ly,161883
kanakomomota_official,128765
oikahoe.desu,114312
chithuvj,116194
mysalmankhan,170678
camouflageandbalayage,116310
chalkyedits,120961
ppf,111665
ddoollaammaa,120642
ozuna,146250
aagata_h,198501
yukikuu96,189997
ma.non_auxkilos,170747
gshockeu,148194
axmaxbax2,144234
zbodyfitnessinc,192782
dbs_beautystore,159628
zulumkhathini,175241
tnavoashpazi,152610
shaw021,119269
dick_whistler,141411
hyejung_belle,134937
linshop_id,155539
imvu,144479
yg_stage,185989
gboyswag_official,185950
saaalaaad,141252
khabar_fouri,104466
exoticsgtr,132522
tesetturpazarim,189385
ubereats,142921
v.k,160800
hudakattanbeauty,111839
hritu_zee,130261
cwpoet,133160
sf9official,185856
nina_ivy_,153262
vdl_cosmetics,105746
schatzii_,122144
francescomonteoficial,123032
tghakim_,107135
obesitodosogasof,192796
uae_shabab,186606
doctorcelik,130261
dwidaya_tour,102776
fhlurs,178377
gp_reyes,138124
sihat_news,163163
ygaddie,149033
chxpo,103058
fwxtez,138832
cristina__marino,106753
nthry_o_na63,137318
wbpictureslatam,176680
ugojesse,189310
colesprouseupdates,108515
xploit_comedy,130713
gqitalia,111089
dnau.spamz,112904
illegal.kalem,145479
saudi_joob,151670
dxp,138061
sgnescorpiao,122817
bkflynest,115405
ynaija,165790
ytx,157781
official_nwtf,132220
nkechiblessingsunday,177758
ld__,116957
zuiki_italia,182914
aman,185988
skoop_33,187497
ahllammusic,154795
dtpkrd,131688
almutlaq1954,145629
dsrcv,113405
xploit_comedy,130707
donyaye_moo,177644
nbakd2x,110604
oyaokar,132126
vk_monica_bellucci,175223
vtcosmetics_official,103578
jmerridew,150945
moe_kuw,134555
canuysalofficial,109640
sciuraglam,118295
xparfumclubb,133806
vivianhoorn,170128
ax_madrasa_ax,143754
f.g.b_,137328
fh__400,127524
kddkuwait,172125
cbiindonesia,110544
sjeuro,111903
edskrein,157002
vogue_ukraine,163418
njrnationx,118846
phelipe.siani,180233
jmaxfitness,197947
etdieucrea,106257
ewholesalee,101644
lojaiplace,101160
leon.content,147531
rhyskosakowski,122544
nhk_warotenka,129273
imajuku0107,108379
yrmrebeca,109339
osdonosdabola,166306
jinti_fell,126868
rsbristi,180588
sanaz.tp.araste,131275
xdego,134111
kharid.foroshe.lebass,105785
xo.redroses,110892
lt_,181850
elly_elin,153989
dear_dlrb,196629
dv_rusdy,109035
exirfurnishing,116162
crimyakutia_ru,195022
aneedaaa_healthy,126772
ubiqlife,133360
8mosh123,149664
bs_5999,126153
ellieekellyy,112784
olympiacosbc,114418
esrayilmazc,107862
nvdism,169822
agustidwiningtiyas,107875
lost.in.pieces,107300
kcmontero,161032
kwtli,121916
byevelina_,161339
3kancdorhami,106943
trixi.topmodel.2018,151032
ivettegutierrez,175563
lpbressan,101464
qualityriri,134305
vmarievv,125662
elabonado,167971
prayers,122974
bk_kimm,118616
comdy_photo_18,166217
filio_lou,112495
cmelisacm9,159547
nmaxnation,118798
mncp_duniaterbalik.rcti,144897
mkf_official,114744
shikpooshi.center,116982
uswaus_,116363
wbt_empire,122539
justyves,110033
desireegharaei,133249
welovewebdesign,157160
ece.yasar,131186
ghettogronk,117948
ogc_ad,113154
umitkaran,162346
tinder,154102
plotwistaudios,141590
akl_seir,198697
realitytvteainc,195581
xamthespaniard,132070
ikayudiniati,162106
iyabadansneh,155339
lyn_mwnshop,137127
ngochieurg0210,148662
vallixpauline,163204
mblivre,153757
v_vulgar,136425
piyopiyoyy,155534
bonboncosmetic,121911
foandomusic,144756
missss.allena,117675
lafc,147572
jr3,167243
vhie.kitty_,120626
pouyan__bn,113541
dbz_dbs_fans,160527
nobardisini,108520
rchlwngxx,167037
myfunfact,123282
ofycm,179786
cute_teenslayers,100368
gsbasketbol,142693
mc_bmo,174014
rscanderlecht,103276
video_enjoy,126704
amooppen,127803
yvonna_nader,173493
la,159901
amicifanspage,162847
gita_vbpr,102363
bt,192247
postgradproblems,150910
wvnderfvl,145711
kevinbzezovskitaroreh,145476
dora95th,153608
eike.wiemken,111404
cg_arroyo,127653
fhkdizi,133165
kwt,137575
bloomberg,130117
os.trapalhoes,177129
nsabeautyofficial,103746
princeshouse.co,138270
imjika,150554
xfycx,115746
ovilex,190600
yonii_official,142536
steven_spielhamburg,134196
cukur_tv,103363
ahaanpandayy,174010
mgramcases,108315
_nayaraspams_,189123
xploit_comedy,130703
plurpleslimes,125768
ckw720,192387
bcvytautas,104888
lfc_4_arab,124569
irimatic,192990
ktm_duke_shootout,126146
templatesquad,170683
jshs2,143873
ulaq_twins,101408
mpasi.id,186144
ck.andriano,138434
iv.jay,104882
yh,194063
nn.nungnew,138009
qaser_aljoori,109964
she2fye.kp,110157
owcawk,116411
charlottewuerdig,118980
ghanaian_artists,125700
almutiri.gh,192714
busiswaah,101789
ichirika_62,191559
kawauchisyun,111645
mkun__,127046
bpkbeem,156367
jtofashion,196636
visitwashingtondc,111007
vnv.vnv,144387
ordognora,135959
lb,109967
ngakakkocak_id,132956
ryo_ryusei,142033
ecojiyong,199958
cgbrigaderia,148458
dcdc.official,139279
gymclues,140592
ymalli10,117720
pchan31,119775
tiabhuva,124801
xxvdope,108290
mixx_farsi,151860
therealyurins,150939
sbanca2011,121537
fheed_alsbti,145390
eya.nch,117646
jjh_0306,153192
rmodel_roz,170406
tinybuddhaofficial,183130
chodastyle,158076
shiigram,155094
dmc_embroidery,156470
sondakika.turkiye,182842
pdodg,153722
tcelectronic,184387
amandacernyz,163238
rmd4all,164050
junglevt,156147
mohamedd604,100365
tsoi.official,113755
nsoo7y,178788
thefrontbottoms,156063
dthompsy,167053
xo_franny_xo,152771
fvmouswce,170572
cnblue_official,112739
the_ideal_oil,143678
m,115977
theybf_daily,158733
dflatorre,108736
welove2dancetv,103325
gscinemas,129362
espaniol_7,193704
leiajatah,149691
cheyennesavannah,155330
vkookaddicted,140286
nourhane_zghid,162714
tj_perenara,152388
ycespedes52,190829
cgtyulusoyofficial,116071
annezivi,137242
wnasa.iraqi,139520
xdishapatani,115969
csbskrapz,154118
day_955,129913
kai_exo,123454
eusouodu,183750
mjastro94,125949
oroscopoh,145676
byminawithyou,115611
yylamjayden,107816
mathieuvanderpoel,125841
zgs6,101122
fdny,157192
fthis.gr,157966
fh__400,127522
uaefa,151054
spongebob.moments.de,146987
ilanosh,184283
xavidevine,166797
eskiya_dizitv,119221
iboya_dair_hersey,110784
tvonenews,153111
arzansara.roz1,186235
_jumorais_,191885
ayafwzy,150937
ahmed_yasser,112683
lvlovercc,177263
vivianhoorn,170124
vteleke,195786
hmoogood,131546
noorsan_nn3ematt,112576
zehrabora,131688
eyloladiguzel,120102
khriz_jc,166452
uclagymnastics,196520
ogbeni_adan1,153837
anjodeluxe,136851
xboxbr,163213
kiddi.s,102459
awakenwithjp,133681
vslux_che,153775
km_wean,148540
messages.loveuse,123365
hyejung_belle,134931
__jnan,172800
sevil_mohsen,124026
nhunggumiho,184200
uzaklardansarildigim,115038
azusa_takazono,124341
overhear_news,133653
ahmadreza_khademiyan,160870
landninteriors,104712
rjbarrett,170615
dldmexico,156240
suhana_khan_officiall,141530
insidepsg,141312
gverbaan,122185
udayc,195783
rinka_kumada0223,103897
fursanastasia,134842
traceyjewel_ify,130022
dsdamatonline,117780
bn_95819,180301
mr,104765
gmzona5,168619
oicaroguedes,118557
eateseseirimastoconharry,164607
pbs,194892
jsomin86,157009
nobardisini,108523
enamorsalvaje,127774
jdailyhk,163827
dorama.ru,111081
lgbt0,111961
dari_wadha_home,136689
irene.rvelvet,133065
_xshout_outsx_,110881
tbjoshua,123864
xcvm3,156639
cucopuffs,197086
imdd3x,121746
ndorobeii,158765
dolantwinsgrayson,110907
urf7i,158945
maktubxz,184796
ljclarkson,193349
slimming_millie,127265
spam.by.cece,150250
ockotv,103244
mj_gracefulbacon,164901
dhananjaya_ka,119404
fjn_yr,130486
dhdh.y,128269
ooh.mee,143479
odioelcolorpastel,157851
nv_ksa,170518
meengolefofaa,115331
nz6,146134
aaron.mcmichael,137351
fjefrib,120311
cadenas_insta.snap_,136433
ehx,193773
patrick_bamford,122374
malwanne,115556
ugly_guys_club,186622
omfgrealitytv,126429
grosir_nk,104381
blacknslay,190387
wyznick,148367
xhaenax,108374
andcgram,110345
t12345vxq,104308
stew2k,180089
yvescosmetic,100143
vladimir_vinokur,188003
gqmexico,166703
bryci,125627
cg_titan,112250
tijiivonh,105130
etila,139607
byigorhealthy,133479
kids_brand,130853
pompomspam,191597
s_g_g_p,127900
xubin_,194916
uyut.doma,138661
uyaty_jok,119490
vkusnohd,108777
updatescabello,109798
filmnasional,189176
swoleesi,163618
godseyes78,103615
vvanelopez,135199
fx.dale,109863
ptos.memes10,123875
ramzes.taraz,156707
ifoundbae,146296
wydad_chouhada,116932
nina_ivy_,153264
go_shopping.kz,168770
ktsarskaya,157367
mmehuillet,185037
onepiece_iq,149424
zegarciaoficial,139783
dbz_exclusives,143299
pppcpz,185595
tsuruko,139752
dwpermata,111686
evelinavirallinen,150952
avec_serin,101297
mostamal100,129826
nina_ivy_,153263
world_power_moves,109125
blogdobg,150814
byigorhealthy,133476
mykillerbodymotivation,167803
yatzeee,134225
pndpss,136351
zenasativa,164713
npureofficial,170210
liwa_news,101412
vcompany_india,106169
vse_prosto_ochen,186969
of_lit,130867
ktyyofficial,101807
ideasabstractas,165075
helyailkhani,166752
jjsmithonline,110505
fckaysarcesar,164279
ps_fernands,172868
omar.abdulkafi,168021
jschwabi,105416
npcnewsonlineofficialpage,152770
vkoblenko,152884
zlatanvideo,104687
optimusgang,190367
pnemcova,120597
idealofsweden,196357
umagazinehk,132781
pwgofficial,155554
rdslv,156692
manto_pargol,102117
dpidamu,150159
starettoday,191146
soap_asmr_ru,159582
uguiellaurbinanavarro46,193338
uvynee_,151222
4ggy,145918
cpgym,124355
tlcshop,124333
tas_sepatu_brandedoriginal1,180522
nfldeutschland,110162
xumallushi,196577
rwanda_updates_official,178045
ailem_mutfagim_evim_huzur,168229
rrevi,135904
jprincerespect,110762
sora_fdmr1,128588
ace_1_piece,113015
ernie_pooh_,160089
laura_elina_ymd,144145
afaqaslanofficial,104678
yemekteyiztv,121849
ogulcanengin,179750
jdmartinez28,171751
zeynepbabuscu,103502
dps.control,103424
lvmz_m,173124
pwgdochi,156181
syaisyy,157132
zineb__said,143328
the_best_kitchen,193713
pj.85,109174
myles_barnett,172099
syiraaswardrobe,115680
vogulepolandofficial,183493
tge_ldnm,163776
xxokohakxx,143608
fxcking.high,192563
izmirdecevirme,138399
gymclues,140603
zlota_fishka,162301
mvd.russia,112395
miumiusue,144876
explosmspain,199808
arca1000000,113955
frenchkiwijuice,111636
go_shopping.kz2,111447
bmpromakeup,101885
fedashop,152066
mjakmilosc.official,149347
ilberortayli,126615
clotheshoppe_id,113810
rap_tike,148657
himattchampion,190458
oykucelikk_,159950
cpapakaliatis,172271
dguzya,102760
sireen_nnn,147028
h.seobin_wbffpro,115791
st0nkuviene,156129
nsbls5,197389
kvartira.vmoskve,158861
mvg180,114082
cbiz_er,109446
eeui5,167029
pvsouza1,109660
the_undertaker_10,186583
jxminonly,125202
jjhairston,122208
cdvergara,168516
soap_asmr_ru,159581
tsukiko_inkling,106635
buy_sell55,120420
mns25_,179592
nuur.maher,126036
ltma,100606
alfahqiw,117833
noviosgeniales,183490
baldan_anne,155315
audiofficial,189807
she.fits.that.dress,144530
thahab.kw,168646
alwaysgdmaster,129364
iyamlindsay,127787
gpen,183597
fhkdizi,133164
akskoshti,138605
xtudopassa,171938
gymmtips,114250
rmd4lovers,132103
vaibhavi_tamizhkumaran,169755
victoriajunex,180188
estellelefebure_orahe,119423
vmustafak,128456
_zoe_jb,166189
mod_ttsh,101338
qizil_alqi_satqisi,141592
fhavor__,174350
ah.hyeon,121535
wikifrases,160553
official_knk_ynb,161086
qfg8,183537
eng4ksa,134631
cowsel,120699
fjalromantike,147380
1zias,181305
negin__ahmadreza_,107567
pato_jares,111239
fact_pezeshki,177475
z.zeynepselvilicarmikli,129855
motogpindonesia,167168
misscarabrett,118446
q_dance,188815
gymhero_official,153419
mobilelegendsndasmu,174564
r3dstagram,113249
dr.irene13,108688
rxz_meranggi,119262
lenokhromina,148831
paidasmarias,182503
cbkontes,135354
lnstagoldens,183208
nhlchirps,154458
frances_wu1227,161742
tusecreto_ok,155782
ybn_manny,140663
kxrmxzx,168574
yhanikerian,110158
taikakwan,172002
go,110931
wsaiiyf,164112
hackdiys,164051
ewalofficial,121889
hrvyforever,109911
tudi_house,101652
mncp_duniaterbalik.rcti,144899
bumpofchickenofficial,101994
soranges,147526
umbertone_real,154239
oddoddoddseoul,123499
smtown__bigfamily,104730
redhotbbws,152566
okiamyasmin,180645
choosing_balance,101787
di_gs_official,176798
axe,140888
neftahbutik,153193
cukurdizisitv,110027
qveenz_angel,158404
larmoiredesoso,167050
soshapeparis,146455
hakanural1968,138015
kvpresmi,175155
xgirljp,150275
afghan.proud.nl,143766
oburcan,110244
vv0305,110121
ibbmz,110749
guneshin_kizlari,105722
ogurayuka_official,179505
psg_feminines,146609
nz7s_,114412
victooriapassos,102616
bpedsoncosta,162598
jkt48sinka,126099
glambyisoken,120718
izabelajanachowska,131554
aanurul,149711
tickandchick,128241
hv_alice,110272
yxngbane,183543
sansursuzproff,119197
_jrayala,152446
eugeniamartinezdeirujo,104062
hardgaliza,125814
sasha.6s,124783
gspaliaras,140068
nails.xmxnx_,125083
eunha_gfriend,127432
dxddyskxng,121378
iq.zt,103801
scientwehst,104631
_yc,132876
esstockholm,126327
vanturiulia,165655
josephineqvist,126404
unnie_gosip,132682
fs__vip,137022
xlisa_olivex,170618
igorlovepapa,180603
djconsequence,120637
lbergaga.officiel,129053
hani8news,128158
writerras,106110
dari_wadha_home,136690
vongkumlao,177990
qconcursos,143173
anjodeluxe,136852
kw_kw2,106557
svetlana_shidlovskaya,125146
byminawithyou,115609
gfriendintl,164149
vkeif,108047
evestheryt,112574
cldtoon,176762
ngajakngaji,106912
__ll.gx__,112666
esteghlal1945.fc,169210
izhan_go,193695
oioikorea,105501
viral_prod,184709
kcdelro,129562
wedding_bridelux,150267
idea_kz,103611
iamcardib.vuu,176944
ehsan_moqaddam1998,187047
katia.txi,130524
aviankoo,144704
taebtsnews,129134
jspencermac,152283
fi1izm,124720
asaya.0223,142478
portalfamosos,116939
bpraak,132616
pluffyschoice,178319
xyz,133535
gqbrasil,139725
paobcgr,102629
svenulreichoffiziell,162703
realfimiedon,150624
elmarquees,107979
film_indonesia,196611
nflfilms,196173
spurmagazine,117885
maya_kesler,117686
kpop.scoop,120589
fckoeln,173497
nymatang,107051
lunatica.tp,184957
bpcucato,147425
uofmichigan,163838
shopdressup,111164
forever_astana_kz,107071
ixsokullu,106891
afthunderbirds,165921
kuliner_lampung,198741
modeison_,109156
tvn,170772
flooorrriii,109022
hz_sems,170643
nicolashernandezp,176205
helena_wedding,163706
iwear_african,170539
fmason0,158220
janetrosee,138678
kuhoops,116864
qwaa,166300
rxkingjogja,117233
tuknirutchaya,108729
roundtwonewyorkcity,105310
pinkyshop3,171992
umama_scarf,157904
mybaby_stuff_shop,127518
iamcardib.vuu,176958
lady_boutique.kz,113876
healthychefsteph,175072
abangbola,190290
tronoclassicoinformazioni,125728
appleipy,165309
gwenjorgensen,146830
vnezolanas_vzla,123344
hz.mevlana,103960
zborowskazofia,110965
dlgofl85,178452
tgm3_gmhor,160950
hw,119457
nvideo.kg,191173
badbrittanya.tv,100010
jwlati_shop,139073
jamby_elfavo,154612
cp_g,126209
nzwarriors,156868
comentabbb,115155
scottmoir14,186466
queenafiaschwarzenegger,167072
bqlq.qi,197788
ladyzika.jpg,137000
hyunseo_hi,144618
gaelle_vp,135325
yorum.ifsa,172261
rhonybravo,115260
dyness777_0714760451,129162
atleticoparanaense,134646
acmilanswiss,143115
hk.designs.eg,179958
xtrememerch,149081
fuckingawesome,142266
j__g__p,101650
cynthialeu,163557
dullvani,186810
ihussainasif,140621
ii_n_o_n_g,122405
garenaaovid,172113
messihdr,168902
lacklederhighheels,101202
ajrbrothers,134242
daddyfreeze,160274
fmsergipe,122087
vladimir.draghia,165585
lilgnar,169535
ooutroladodoparaiso.oficial,148625
uinoo,149510
utt_ysd,121312
rvdofficial,114075
rcd.2049,190308
omar_lulu_,129067
cvillalobosnews,104627
doit4juul,108049
rbfx,125025
sayehafzaliofficial,118528
phamswing,172031
uzm.ozgeselcukbozkurt,176712
_jyap_,152694
jgordo,110254
bk_alhashed_albasimy,158404
eoniqdesign,191185
wponx,112234
nbcdays,152794
us3,175661
trl,197646
exopassion12,114765
zedeshakhh_official,110177
ju.lee.daily,122830
yvzux,100503
chufune,104796
xbadx_dolly,134852
mkhripko,146677
mft07,156341
hso,171184
therealensi,186436
jr_inn,103494
zhinoos___,126265
bigbronaija,127230
tfjj,170363
xforeigncandyx,108623
ejstyleofficial,132052
slimeyycreatiions,199690
hcska,120315
zlatka_raykova,150900
doseofkarleusastar,111576
izzlevideo,123715
ekspedisimerah,115980
bestkdramakimchi,195840
ssx.spamz,121575
cuurllz,119784
ufc_vine,143014
vsstu,145146
nnongu,121395
tyaedros,154765
asl_ahl,196214
hshq,160525
ceoapparel901,136874
c.c.2013,147400
ngiysem,153873
cartoladicas,102811
nrkp3,126245
rw2100,145258
ab_sgw_ab,100600
instavoetbalzone,165754
ruhisingh12,195481
kpt__,162911
dbz.truths,155039
sadaf_xp,162524
jloverforever_jrod,156583
x.y,158748
illancto,175383
pembekurdeleli,132994
lespecs,163430
mchennyoficial,128695
ufaktefekcinayetlerstartv,110980
cbinspirasi,179188
zsaneszka,108124
rhino_,175363
ulap,108126
kshilpa_rao,193058
maheengtaseer,145819
nsfofficiel,117643
uzeyiirelden1,163146
jcpichardo01,160517
ndea.56,109958
uber_idn,111164
qatif_hraj,120733
edlnlaura,176100
kugelolivia,109565
osi.s,104995
yunusssova,113402
hdez.kelsey,176678
easportsfifa.it,199762
ksa_sale_,101546
fazelnazarii,193210
oya.cenneti,136099
jw_bulletsnblades,119615
aiai0131_official,114415
yzn47,171424
hwangbarbie,139295
bbbdepressao,161930
dresseswow,148207
zwebackhd,160964
bsh945,126066
whoisnvm,186315
cuurllz,119773
fvf_oficial,107076
ko,118031
aoyagifumiko,179017
femiotedola,148475
ao_scooters,159606
nobardisini,108521
dzyunik,150850
oohara_,135126
ilea.ly,100194
gu_nutricion,187961
hv_u0,100901
_pq,199839
bunte_magazin,120729
gazz.gp,163636
kuto_queen,167660
brazzerspxrnstars.tv,127662
ocadernointeligente,101372
yl_officiel,139785
wtofficial,159287
mothercareuk,140101
rusakk,191935
uwalk_iglide,119341
wynnlasvegas,185499
region15.ru,138981
azis_online,165128
vox.ngoc.traan,153167
dloesch,140310
hkppltravel,102745
isuchoi,131119
odihhlopes,187815
janetrosee,138683
mod_ttsh,101334
classic.gucci_,190548
fit.with.iulia,140630
zolekamandela,140620
zyoshka,148592
pone__85,114446
jf9109,164048
fiat_pattadon,163797
bsbofficial,197612
opel,187495
aubernutter,195478
taraz.modnica,104646
sembangbola,196965
pk514,108482
borodulina_91,160287
deepica,166459
kelebackstage,101609
kloquis,110608
mlsacbc,161822
nflbrasil,188447
vlisco,126098
ryo_ryusei,142031
jkt48shintanaomi,135804
wbonnerreal,147691
luculucu_ajahh,160355
hazaz_jeddah,134446
nwsl,119373
vrwheels,118386
rgfproductions,132207
chennaiyinfc,127624
namneung.bnk48official,113912
carlsjr,131294
unnati_m,120207
xcodeh,110330
tomdvy_off,147193
hm.x,121298
kfoool,184070
tumblrdakipsikopat,101784
ubl,198722
fyebottom,194914
krisshatta07,122142
ban5dr,124797
ux.orr,100188
mr.speedy_vp,125851
marialitti,173393
faselangormy,106278
cc66p,123130
rstgirl,133962
fzncn,100826
zbrushatpixologic,169140
cvija1989,157252
hmurobbie,105527
sgncapricornio,116349
kwrhome,133520
oops_ohemma,134809
ebrahimhashemii,188315
makarnavitma,102290
kdrama_mochi407,100663
univershara,108206
yzgn_moda_park,118355
oemar_mita,173200
istanbullugelin.tv,171660
ezwed.in,198617
yb.juzent,161291
iremakdemir,101436
kfahadalsaud,102376
lmp_m6,110449
hjstory.official,164938
ssnews,142742
ryantedder,180758
jdiamondisme,144670
mnetsmtm,179185
epic.humorr,144535
bynv,129093
raye,115540
szusz1313,141286
sweetlovegoals,143095
aramm.zp,126094
diycap,164099
czuuxphotos,104168
april.asmr,115248
eishasingh,111352
ewilkinson,118656
bkkfoodguide,175971
nadrooz,110599
allaboutmerch.kpop,120938
vtm.be,128106
darhaa_kw,131125
netolxoficial,168994
kbfofficial,179766
ai__hashimoto,172439
yyll,153949
ytclemence,153758
iinav4,103524
petalandpup,149940
mytheorry,137195
insta__ba9lawa,175898
ezlisaaloy,145206
eri.ogawa1102,169812
ryan.libbey,133223
pdogg428,166818
zoexlaverne,152204
plumfloral,169716
svoboda_misli,105657
zendayaupdate,161287
yangyang9199,140933
vsfsoutfits,145864
cvertes22,125803
niloofar_rajaeifar,131029
jw_inspirational,192650
sgncancer,116001
dfranklinofcl,165174
woahhvicky,117903
mthethwa_ntando,132803
dkbhbl,105697
oyetv,104708
zumraesarptesettur,108413
agusagazzani,143034
the.small.folk,146027
iwearglam,155627
inreallife,106025
igorlovepapa,180631
ghaddies,114847
mdnaskin,117698
imkylecooke,109022
bellaiwanna,116473
ltpro_official,138153
asmatchkotua,102534
hazaz_jeddah,134447
nsabeautyofficial,103745
fifi_abdoo,120293
kjsmeby,182952
bhabhi.44,172029
lynnwu0219,107835
esncom,108522
lyboov_ok,123733
time_coffee7,140089
lbvmakeovers,110110
lbelonline,128153
azadoffiziell,134789
yrisaraujo,151977
misaghimh,160428
ds_danielasalcedo,181383
sbasecamp,111187
eigabrielaraujo,162400
rwb_rauhweltbegriff,144435
bvelieber,111862
diegoklerma,125861
ooolalablog,178592
skincarethreadsis,162085
erfan___tkh,151586
sgnaquario,122370
cpcompanyuk,122960
go.ooo,185523
borodulina_91,160253
makeupbynurulmf,156952
plouise1,127543
bispaingridduque,197730
kkakka.kids,169257
theheelkid,165056
g_dulla_mulla,107927
zlatan_z10,146315
sad_citizen,111978
zmny4real,172881
g.bar.kiev,143463
pyaasi_bhabhi,109280
yhasihair,167973
uclambb,165669
tsunamy0327,143098
ricky_ot2017,196816
piatafm,131379
avtorynok.kg,136315
jlken_kurdiii,122666
cirpan_ev,108440
rm.news,128214
instavoetbalzone,165753
garenaaovid,172116
al_ghadeer_fashion,155177
atitude67,158307
ichijyo_hibiki,169537
fwikingsson,196184
classic.gucci_,190550
bellas.divinas_,151433
noora2525,123572
ioanachisiu,129592
awnbah,139749
shopping_turkis,180578
hairdressersjournal,163856
pulsenigeriahot,137818
siyahbeyazask.arab,131512
ideh_ziba,146540
qere,103188
travelbeautifulpakistan,179301
jeste__li__znali,147997
admin.anshlak,139559
nratv,113885
ezgisertellekadinlarbilir,112474
wemovement,170743
kameela_hijabku,122109
1pek_,106675
uzig42,168377
danitgreenberg,176099
mt.maitay,106660
yazeedalmaimouni,122165
uaensr,102607
clipack,173424
newsejazah,117577
xyz.graphic,172647
polo_bh,165340
igorlovepapa,180605
gboyswag_official,185951
nbb,119450
planetofthenails,181934
unutulmaz.muzikler,194901
zpail,131433
zxnella,163236
agatahanychova,144004
dilanmileafc,179280
maryan_ahmedey,107302
pn_nopat,104262
asafgoren1,102658
djmeechymeech,162063
z_flexing,171998
ielifkhan,163464
rtvklan,100247
bpguarasantos,180301
fggf221,190250
mostwantednl,183866
tsvidzz,189402
chiara.rk,122610
squishybunnii,182862
pjandthomas,116715
idillfirat,101789
agustin_sullivan,149639
saanyaakhatterr,145613
eic,151236
saraymontoya.sm,125774
ourluxuryhome,199652
xploit_comedy,130701
mahan_melorin,124563
khoda,124181
gnoyeseel,180949
cndworld,170772
ichijyo_hibiki,169531
osignosofc,110373
ohsofickle,140883
noey.bnk48office,174149
daddytyler,130144
15meals,128189
xa_xa_00,146755
nx.l5,109138
squidnice,101331
ihomeksa,151865
ibrahim_tatlises_,123159
iheartrevolution,129119
mbk.dia,171722
ytmichelleluna,111776
fm0,111627
second.outfits,140018
xeesoxee,141373
perryfellow,105034
pyar_hai_tumse,102931
elenmanasir_beauty,154523
itirafyerin_turkiye,156444
kif.kafsh,120042
helenacoelhooo,120193
nurizyan._,157072
omancareers,174564
mariaqahtan1,154184
fbbonline,120798
gossiptvtv,118425
zineb__said,143326
xj6oficial,161550
yamasaki_shigeru,168946
yangyang9199,140926
izmirgeyik,167701
chasingthesummerfields,106379
rx_carlitos,156289
cadenas_insta.snap_,136444
jvongphoumy,142001
bh_muharraqi,149668
dresses.on.sale,129990
bkmonline,182284
ju.kr._,134323
vman,140770
qafqazinfo_az,136829
gqmakeup,133350
lt73,126382
kdramastars_1,154527
kamera.arkasi,160505
bts.jeoncooky,179361
gdh559club,180399
vsemshpagat,160265
rochelle_fox,142253
alison__wu,172845
it_is_sarcastic,180293
ali.kasagam,171200
nichiiksa,159660
fvcktziniert,139356
wumitoriola,190537
clash_telerealite,191449
aaaoe__,177489
dgrazon,121476
dmermerci,105496
unitedhart,139843
rhiastylesx,153208
honeyandmore.kwt,135799
mckitinhooficial,150556
umy.umy.umy,106492
dr.carlabarber,108489
uk,165363
evie_arief,190015
yj_loves,155613
henry.lau89,107979
q_moneyyyy,112828
jkt48shani,126426
korrects,163820
mahaalturk_,129815
wrestling.stars,114122
jli_kurdi_shayesta,103420
tasty.art,135175
pdrmsia_official,146200
turkishdefense,128281
allforyougiih,158780
sokhanguyehaghofficial,138863
rejim_salamatii,146990
fyistore,107775
gvgv_official,124755
mdahoud19,144107
know_about_everything,188115
aa,120146
cristiano7.oficial,140201
iwwm,141948
u_broke_me_bae,108577
volkswagen_is_a_lifestyle,100679
oficialov7,190444
hbk_novosti,108141
ylafernandes,146141
nbafollowers0,157250
urbanskinrx,154583
jedet_,182450
problematizadores,107284
banjarmasinpost,114411
forever_kurmangazy,163965
tante_sarahardhelia,173130
csgoniko,169924
zvezdano__zna,118514
official_knk_ynb,161084
jlove.l,147876
idei_nogtey,145185
pjibabsolute,161649
equinox,190620
donnaromina,197584
jopnuta,166536
rgoins2,142539
withnhi,115261
sahel.sj,100080
mc_one_officielle,178533
_ox,142180
tpinsonn,114610
xtinerath,189043
klalaphotography,171913
yrafauzi,156249
vsbg.official,155097
teamdharmesh,177750
heroid.id,108576
dan_am_i,129188
selin_yagcioglu,153984
iamcardib.vuu,176982
hlsk,193556
hiitaylorblake,113768
odioelcolorazul,163304
pvaa,123648
tomospeedshop,134180
noelia.dp,170265
rb_atacado,137111
tyheadlee,103107
rtlde,105033
zeinaelfakahany,117179
ceec_official,169626
athap.saud,158412
gerda.topmodel.2018,149755
thisissigrid,186626
tflsz,124680
nhk_asaichi,141271
murder_ink_bmore,170267
anastasiya_kvitko_,108106
taayblue,130275
qhp,157236
rnj_motosport,137803
cronaldo7n,136728
ugaach_words,109567
rzof,196972
ekimbutik,185906
omarelpretinho,185882
oogimonster,132608
husein1610,125622
naninvintage,136025
qesatona,132846
cube_clc,184407
yhungto,166834
squishy_gammy,124178
p_zzin,110064
mee.wc,102418
hllt_,193469
hamsar_jazab,133007
kisa_sozler,193762
msglowbeauty,103318
zoozoo1985,157943
babe.weng,136325
awstenknight,123760
ceekaram,104078
oulfaxoul,149706
cplt20,125692
mmelody_shop,126439
si_nopal,178768
iweardins,111847
egorkreed_news,111024
att,155729
qyzdar.arasynda,133114
mtv_britinicol,107107
shaghayegh_7529,119436
irene.rvelvet,133068
chicbabe,127473
bramastaverell,175992
istanbullu_gelin,132684
kroq,104294
findik_ezgi,140340
oxana.bazaeva,106296
zvezdegranda,163044
a_y_s_e_l_1394,116360
vi.comedy,103900
dtep.officiel,117214
jbutland_,180621
ekaterina_saibel,128458
mycookingdiary.cz,140701
ostboys,176559
hmn.iranmanesh,129901
istgelintv,136839
ekaty,107273
rtl_exclusiv,135346
juunep,130329
suhana_khan_officiall,141526
dtp.05,198404
kmetaxa,178370
vfb,142884
cylelarin,122928
bnk48,176314
wlax_wlax,187181
aaraataamaa,129992
wwe4u_news,132684
yasmin_allsha,112596
bnanews,123769
jacob.mybae,176387
sable.kw,139820
obbyys,196303
jdream_kyujong,144966
lydiavalentin,179002
chanbaek_sister,132865
oi.moca,187954
puma_kr,124231
uygenial,118409
tpmpraquetequero,169895
ffxv,165826
dbsclub,156656
ideaonline,183477
foodiesvids,178565
ynasakinah,147123
hfconfess,108610
bcvytautas,104887
loslatidosdemicorazon,196023
those_called_celebs,107399
ovyonthedrums,117691
vrlgod,134210
curvemonstersglam,168410
xvofficiel,144278
ahmadirandoost1350,152124
fbable,121173
__ieat__,149517
fni,192848
ayrosmelody,142389
egmobilyadekorasyon,138927
voiceofcongo,178614
zulay_henao,191941
rubaricelli,116216
tommygenesis,146038
tokounionjack,174196
egg204,159150
pcfkpacifika,177983
ajstylesvwwe,100735
vval_e,125470
umarpad_,144143
black_crown_,104576
coupleslove7_,121095
skittlespam,140494
ctchrysler,138795
suzytoldi,151835
cs02coupleshop,121950
jlgarvin,100916
dymetaylor,127416
tgtmshop,108086
kvministries,113939
askvemavitv,103460
gymsharktrain,111184
phcantin,130251
irooonwoman,149211
fkqarabagh,142878
hfc__ss1,107970
xxdbreezyxx,103874
vtm_theking_4,199987
tsumugitopan,173755
zlatanibrahimovicparfums,115314
aanstory,194415
jpcc,112723
uwmadison,101739
uchenancy,153173
apipocamaisdoce,189485
gusazmi_ofc,112580
ifbbpro_behrooztabani,118165
udaku___special,196148
svenkramer,169226
1016kn,125554
sasha_zharkovaa,110008
ogrenyap,165864
iamddb,182358
sportaways,154429
tcrosleyfit,145880
daily.melanin,120162
hns_cff,146522
iblindonesia,160051
nba_youngboyz,149846
derrysulaiman,171512
ngakakkampret_,134585
l.bekaldieva002,118790
blaya_con_dios,194820
thenwda,115411
rzn_life,105960
leenakaziz,133366
kaidee_brandname1,133722
_tristanjones,198383
qadinlarin__mekani__,142733
swati_chauhan_,101538
gmk,108925
xoxolizeth,138926
zylofonmedia,140270
vian_yuwei,155298
jihye8024,149662
vdm_viedemerde,125834
fcbasel1893,146119
veronicacozzani,190481
igneoyasi.modelleri,127398
hw_sweets,156493
dshewaspretty,172463
bashbuta,112049
anastasi_nikiforova,194910
dnsh,128924
kloppogram,110357
ourdailydoseid,100088
bronny.james,175656
ursula,176520
tesyaar,137616
h.a,152988
fortalezaec,171546
gnfi,162632
wearebreitbart,175242
ipekevi,120066
sexy_mennon,101349
tl_delarue,178139
videosmyh,103951
d.u.d.a.gg1_,114427
afunnywii,103611
lawak_twitter,131752
04genls,161468
lyft,123865
kyakyasmr_slime,180011
hqkatyperry,125165
bynv,129097
qweeenbey,149241
yjiinp,166294
trapgame.edits,149699
noey.bnk48office,174137
iamkittens,121512
kevinpearn,111228
zarinathebosslady,105381
x.riyaaa,117393
i_tronisti,146541
aoi_morikawa0617,105058
axsamaz,146917
qdstvsat,145221
tomekomet,148876
yulianna_ys,182358
hobo_online_shopping,184026
dvicio_luis,116898
israel_bidur,123539
oradanelervar,119438
oxygenclothing,189107
jhuannas,186018
reinobarack,102775
oso_sudan,105958
djgelincik,123150
ugurrbay,147578
sevki8mine,178703
nuria.mh,160583
yui_papa,183066
yrashev,108859
uoltvefamosos,126769
cj_on_32s,174705
revistaeljueves,112867
okanturan8,138835
wba,189862
iamcardib.vuu,176977
iv.40,154859
dguerrier77,141834
ieeeorg,111376
jbfcustoms,122180
a_y_s_e_l_1394,116363
xya0,160837
oyemykke,115644
soap.asmr.ns,124140
xinstore_,107323
jhousevlogs,168592
saraaffifella,123697
cj_2.9,122042
ffaustobengoechea,169778
n_supersexy,170087
vremyaisteklo,157592
mxvideos_,136457
um__seba,173781
livupoficial,117575
quotes_anakbola,151325
isla_oficial,123541
rrr_aa9,190637
sgnvirgem,119404
artcaseshops,129204
goubtube,141711
pjs08,136219
pnscantikindo,143037
vodafone_unlimited,120897
dymalen_9868,111734
pu___reum,113658
add_tr,156630
km.collection,124210
ebone.capone,126902
fawales,192536
bvbytokyo,160215
rxpeso,137626
zamzamray,125843
dukiofficial_,136743
mmm1122,163449
ctaylor_3,101977
ffadejumo,179796
fjn_yr,130485
ipeksekerciler,118109
oidentistas,195590
iranlge,160758
bhabhi_cute,189326
99,179909
adrianconrad_,143158
burgerboutique,104451
gzmglr1,198678
mrcriminal,165022
nyonya_gosip,117070
gracieabrams,122857
b7bos,111016
hsuaner_write,138778
bvla,135222
dhea.zautha,179390
innitchapat,157607
ucla,161302
rvcj.in,112884
ebruerkut,160943
ugurlubebek,103616
dnagtfoh,105774
aammaaziing,191633
ufaktefekcinayetlerstartv,110979
gshock_jp,145156
ibzugasti,122668
tvarapuan,158378
swizzcars,127048
duwapkaine,121040
ramirez_187,126262
qef_pa_kufi,117717
tx2k,104773
newsejazah,117578
njashka__,138527
fi1izm,124718
muvyz,119673
emp_de,180301
jstalinlivewire,155160
hb_abdallah_bin_jafar_official,129152
jwchubz,123090
rbrboxing,117824
mgemi,102496
alyxstudio,194232
ezagio,191297
plotwistaudios,141596
100kila,114169
np5,183408
tvbcomhk,147543
tptglobal,107484
saginghilaw15,126313
megvalamit,139585
myfunfact,123290
kpop_ina,126268
usesisters,199214
oxygen,104883
klondikeblonde,137491
saucy.sev,129722
ainyan_0302,148902
rintiksedu,154315
oroscopofb,122532
slime.syhrh,107207
ebonysfinest_,132058
aoi186,146176
ringtoperfection,105496
eighthmermaid,150648
yvesrocher_russia,140782
oqu,164052
bk_kimm,118617
hlacomunicaciones,130290
jkiguatemi,112403
ggeika,132465
iris.irina,133711
ebtkaratchina,156041
dianaradmehr_org,131706
afa.oficial,145758
orquiss,185445
jjabramsofficial,165564
pt_squishy_lover,167835
reaksirakyat1,115847
taradurotoye,170078
appleandcoffee,135848
bammybestowed,185631
jin112jin,105198
embs_hq,103766
fnaticrekkleslol,111263
hfc.t,139633
macacotwelves,149707
hz.mevlanapaylasimlari,133696
bingoindopics,142676
otilebrown,150210
katarinarodri,198137
ozozan,127909
omr.bsra,108446
sc6ut,103400
cp0031,127652
ntr_official,157589
tb12sports,198829
xlextralarge,172151
nhatle2406,188940
h_h_m0519,147693
xtcdallas,129261
estaregrams,124463
xlady_official,166905
innluu,188701
embracingblackculture,160482
ejackson_4,116600
ybki_shop,121533
w7pw,153609
_zoe_jb,166191
uarunning,176653
uchebe1,135609
usykaa,143231
qtjazz,113123
kxrmxzx,168576
fashionjunkie9ja,125455
einerd.com.br,105812
rtannehill17,141055
comedianebiye,158946
bgcviral,100101
ccll,143501
xdan_z,158899
oxypuki,133021
syamsir11alam,190092
vje_vita,124196
dresses.on.sale,129989
zradfordboy,112930
lorigraam,127418
kuafor_beratpolatoglu,165862
hxtxg,119986
fjalteshpirtit,148104
fyn_facey,154953
azadylmaz,172953
fayrouz.lovers,172468
seo_hsss,109664
zurylll,139979
harrydailyupdates,157537
jc,157303
itr_2015,118813
federossi.official,117340
obuv_sumki_lfv_,179054
sriwijayapedia,139354
hbgoodie,148963
syuichiro_naito,181477
erfanyousefi_,105966
gmnwenche,132248
cottonshop_kz,118861
sibsorkhi,194422
yamasaki_shigeru,168950
asem_ai_taraz,194589
pnv.malemodel.network,117035
tng.oficial,100044
iw81,101481
hn0_,192440
srkkian,103669
dzandertraining,166265
ksa.dress,187072
uaesmsar,116576
olechkafomochka,118055
winsonreynaldi,108991
ehfcl,120768
vhi,120006
pmdeleon22,185038
leon.content,147528
makeupfairypro,150682
nyhetsmorgon,166962
yejinkkk,106193
hansstyle_hanna,194794
juicewrld999,122956
si.ocong,171396
benim__magazam,177517
ewtnmedia,104001
kosha_studio,179613
ysffguler,152183
unenvironment,195677
qheylazavyeravalendro,140500
myfunfact,123287
adl_dk,176049
ninanesbitt,188776
qhaleesaa,119299
raminhematii,169463
wwe_newsp1,124615
uygardoganay,119082
puhutv,167182
ejstaytrill,181094
vknxt,124957
pauloviniciuscoelho,122113
zlivaneli,114260
rmscanal,145831
cbstv,146629
rjking3,120579
jj_minii,116455
pbteen,165418
yen_tak,115647
greeicy.rend0n,139642
tdhofficial,105673
ue1124,165821
uru.chan,114531
teyor_aljannah,101110
mundotkmcom,195871
uvynee_,151227
kookoo900,151014
nhatle2406,188939
iam_slimcase,148820
faisalnasimuddin,166892
nursajatgold02,102801
pandora,147272
pnstorebr,157492
villarlydia,132559
pvra.official,114937
cw_dynasty,107657
imax.movies,158052
vkyeah94,170667
nmadiny,181230
dilarayegin01,169645
xean.amanda,180817
gyoe_re,100247
odiariodopaideeverton,154402
yehdeb,147479
yoooshtk,103135
udavala22,115544
ui.designs,180332
ffw,144769
fwvontae,178216
uae_7alal,111399
couple.murmur,134302
utamu_wa_mapenzi_,146001
notedlove,130166
funk.brasill,151954
zinzaneoficial,154221
dyandra_zafira,115244
umitkantarcilar,181955
cs_shop1976,107483
jbmauneyxv,162207
sriwijayaworld,103000
northern_hibiscuss,102465
coxandcox,125019
thevacationjj,120203
buinggi,160788
ozodlikradiosi,161205
jailyneojedapremium,102196
manikki.x,116548
mohamd99y,108409
mlbkorea,150682
vw.c1ub,146112
pp_recepti_pp,126025
mzansimemes,114630
cvaporetti,110063
aarondonald99,128021
nakapus,192365
khabib_nvrmagomedov,105048
ql3t_alt5fedat,172516
btsoffic.ial,111207
oh.mamiblue,124234
xkaryy,139125
ppkoficial,176290
atcq,139581
rreth.femrave,193616
ldh_tv_official,131358
zip_maslo,129483
dlsb.co.uk,103411
udemy,111621
okancekicc,157821
oqelasgostam,110799
iuf,129060
bdcnyc,110315
cskfansofficial,139415
tt_sisterparis,112156
xploit_comedy,130711
yyyukiyy,126336
blackmenwithstyle,110726
yaenniverfromtheblock,196876
yildizablaniz,161476
hla.fashion,111919
sriwijayaworld,102993
tjthynegram,130856
maarieyes,151211
apegomaterno,130684
ounas37,135494
kata_kata_tni_polri,182671
ummubalqis.blog,122667
psychedsoldier,176799
pwr.g,120970
hind_ik,130046
m_albryk,101648
gizmiztel,123299
nufc,156323
qirazali0808,192894
originalmcsavinon,172379
dpg7000,109430
background_pxstel,139340
ikosakioduwa,130703
fdmflordamoda,134221
eranzahavi,101503
slimeyfailure,103747
uneptitejajouxyt,136485
gydajp,154959
nut,138497
ea_sports_france,168096
fazilethanimvekizlaridizisi,168158
aqsakhan1188,113028
fdasuarez,115634
jf3_5,113176
plesboltv,123020
equiperbd,199316
_sjjo,113256
rkofficiel77,151794
l.h.mom,133223
scantiqz.spam,108429
usikdasha,144867
jocxletspam.acc,122386
didem.zeybek,149157
pontianakmedia,108188
a,115844
regtoofunny,139690
nvdia.jpg,100779
