tusecreto_ok,155782
ybn_manny,140663
kxrmxzx,168574
yhanikerian,110158
taikakwan,172002
go,110931
wsaiiyf,164112
hackdiys,164051
ewalofficial,121889
hrvyforever,109911
tudi_house,101652
mncp_duniaterbalik.rcti,144899
bumpofchickenofficial,101994
soranges,147526
umbertone_real,154239
oddoddoddseoul,123499
smtown__bigfamily,104730
redhotbbws,152566
okiamyasmin,180645
choosing_balance,101787
di_gs_official,176798
axe,140888
neftahbutik,153193
cukurdizisitv,110027
qveenz_angel,158404
larmoiredesoso,167050
soshapeparis,146455
hakanural1968,138015
kvpresmi,175155
xgirljp,150275
afghan.proud.nl,143766
oburcan,110244
vv0305,110121
ibbmz,110749
guneshin_kizlari,105722
ogurayuka_official,179505
psg_feminines,146609
nz7s_,114412
victooriapassos,102616
bpedsoncosta,162598
jkt48sinka,126099
glambyisoken,120718
izabelajanachowska,131554
aanurul,149711
tickandchick,128241
hv_alice,110272
yxngbane,183543
sansursuzproff,119197
_jrayala,152446
eugeniamartinezdeirujo,104062
hardgaliza,125814
sasha.6s,124783
gspaliaras,140068
nails.xmxnx_,125083
eunha_gfriend,127432
dxddyskxng,121378
iq.zt,103801
scientwehst,104631
_yc,132876
esstockholm,126327
vanturiulia,165655
josephineqvist,126404
unnie_gosip,132682
fs__vip,137022
xlisa_olivex,170618
igorlovepapa,180603
djconsequence,120637
lbergaga.officiel,129053
hani8news,128158
writerras,106110
dari_wadha_home,136690
vongkumlao,177990
qconcursos,143173
anjodeluxe,136852
kw_kw2,106557
svetlana_shidlovskaya,125146
byminawithyou,115609
gfriendintl,164149
vkeif,108047
evestheryt,112574
cldtoon,176762
ngajakngaji,106912
__ll.gx__,112666
esteghlal1945.fc,169210
izhan_go,193695
oioikorea,105501
viral_prod,184709
kcdelro,129562
wedding_bridelux,150267
idea_kz,103611
iamcardib.vuu,176944
ehsan_moqaddam1998,187047
katia.txi,130524
aviankoo,144704
taebtsnews,129134
jspencermac,152283
fi1izm,124720
asaya.0223,142478
portalfamosos,116939
bpraak,132616
pluffyschoice,178319
xyz,133535
gqbrasil,139725
paobcgr,102629
svenulreichoffiziell,162703
realfimiedon,150624
elmarquees,107979
film_indonesia,196611
nflfilms,196173
spurmagazine,117885
maya_kesler,117686
kpop.scoop,120589
fckoeln,173497
nymatang,107051
lunatica.tp,184957
bpcucato,147425
uofmichigan,163838
shopdressup,111164
forever_astana_kz,107071
ixsokullu,106891
afthunderbirds,165921
kuliner_lampung,198741
modeison_,109156
tvn,170772
flooorrriii,109022
hz_sems,170643
nicolashernandezp,176205
helena_wedding,163706
iwear_african,170539
fmason0,158220
janetrosee,138678
kuhoops,116864
qwaa,166300
rxkingjogja,117233
tuknirutchaya,108729
roundtwonewyorkcity,105310
pinkyshop3,171992
umama_scarf,157904
mybaby_stuff_shop,127518
iamcardib.vuu,176958
lady_boutique.kz,113876
healthychefsteph,175072
abangbola,190290
tronoclassicoinformazioni,125728
appleipy,165309
gwenjorgensen,146830
vnezolanas_vzla,123344
hz.mevlana,103960
zborowskazofia,110965
dlgofl85,178452
tgm3_gmhor,160950
hw,119457
nvideo.kg,191173
badbrittanya.tv,100010
jwlati_shop,139073
jamby_elfavo,154612
cp_g,126209
nzwarriors,156868
comentabbb,115155
scottmoir14,186466
queenafiaschwarzenegger,167072
bqlq.qi,197788
ladyzika.jpg,137000
hyunseo_hi,144618
gaelle_vp,135325
yorum.ifsa,172261
rhonybravo,115260
dyness777_0714760451,129162
atleticoparanaense,134646
acmilanswiss,143115
hk.designs.eg,179958
xtrememerch,149081
fuckingawesome,142266
j__g__p,101650
cynthialeu,163557
dullvani,186810
ihussainasif,140621
ii_n_o_n_g,122405
garenaaovid,172113
messihdr,168902
lacklederhighheels,101202
ajrbrothers,134242
daddyfreeze,160274
fmsergipe,122087
vladimir.draghia,165585
lilgnar,169535
ooutroladodoparaiso.oficial,148625
uinoo,149510
utt_ysd,121312
rvdofficial,114075
rcd.2049,190308
omar_lulu_,129067
cvillalobosnews,104627
doit4juul,108049
rbfx,125025
sayehafzaliofficial,118528
phamswing,172031
uzm.ozgeselcukbozkurt,176712
_jyap_,152694
jgordo,110254
bk_alhashed_albasimy,158404
eoniqdesign,191185
wponx,112234
nbcdays,152794
us3,175661
trl,197646
exopassion12,114765
zedeshakhh_official,110177
ju.lee.daily,122830
yvzux,100503
chufune,104796
xbadx_dolly,134852
mkhripko,146677
mft07,156341
hso,171184
therealensi,186436
jr_inn,103494
zhinoos___,126265
bigbronaija,127230
tfjj,170363
xforeigncandyx,108623
ejstyleofficial,132052
slimeyycreatiions,199690
hcska,120315
zlatka_raykova,150900
doseofkarleusastar,111576
izzlevideo,123715
ekspedisimerah,115980
bestkdramakimchi,195840
ssx.spamz,121575
cuurllz,119784
ufc_vine,143014
vsstu,145146
nnongu,121395
tyaedros,154765
asl_ahl,196214
hshq,160525
ceoapparel901,136874
c.c.2013,147400
ngiysem,153873
cartoladicas,102811
nrkp3,126245
rw2100,145258
ab_sgw_ab,100600
instavoetbalzone,165754
ruhisingh12,195481
kpt__,162911
dbz.truths,155039
sadaf_xp,162524
jloverforever_jrod,156583
x.y,158748
illancto,175383
pembekurdeleli,132994
lespecs,163430
mchennyoficial,128695
ufaktefekcinayetlerstartv,110980
cbinspirasi,179188
zsaneszka,108124
rhino_,175363
ulap,108126
kshilpa_rao,193058
maheengtaseer,145819
nsfofficiel,117643
uzeyiirelden1,163146
jcpichardo01,160517
ndea.56,109958
uber_idn,111164
qatif_hraj,120733
edlnlaura,176100
kugelolivia,109565
osi.s,104995
yunusssova,113402
hdez.kelsey,176678
easportsfifa.it,199762
ksa_sale_,101546
fazelnazarii,193210
oya.cenneti,136099
jw_bulletsnblades,119615
aiai0131_official,114415
yzn47,171424
hwangbarbie,139295
bbbdepressao,161930
dresseswow,148207
zwebackhd,160964
bsh945,126066
whoisnvm,186315
cuurllz,119773
fvf_oficial,107076
ko,118031
aoyagifumiko,179017
femiotedola,148475
ao_scooters,159606
nobardisini,108521
dzyunik,150850
oohara_,135126
ilea.ly,100194
gu_nutricion,187961
hv_u0,100901
_pq,199839
bunte_magazin,120729
gazz.gp,163636
kuto_queen,167660
brazzerspxrnstars.tv,127662
ocadernointeligente,101372
yl_officiel,139785
wtofficial,159287
mothercareuk,140101
rusakk,191935
uwalk_iglide,119341
wynnlasvegas,185499
region15.ru,138981
azis_online,165128
vox.ngoc.traan,153167
dloesch,140310
hkppltravel,102745
isuchoi,131119
odihhlopes,187815
janetrosee,138683
mod_ttsh,101334
classic.gucci_,190548
fit.with.iulia,140630
zolekamandela,140620
zyoshka,148592
pone__85,114446
jf9109,164048
fiat_pattadon,163797
bsbofficial,197612
opel,187495
aubernutter,195478
taraz.modnica,104646
sembangbola,196965
pk514,108482
borodulina_91,160287
deepica,166459
kelebackstage,101609
kloquis,110608
mlsacbc,161822
nflbrasil,188447
vlisco,126098
ryo_ryusei,142031
jkt48shintanaomi,135804
wbonnerreal,147691
luculucu_ajahh,160355
hazaz_jeddah,134446
nwsl,119373
vrwheels,118386
rgfproductions,132207
chennaiyinfc,127624
namneung.bnk48official,113912
carlsjr,131294
unnati_m,120207
xcodeh,110330
tomdvy_off,147193
hm.x,121298
kfoool,184070
tumblrdakipsikopat,101784
ubl,198722
fyebottom,194914
krisshatta07,122142
ban5dr,124797
ux.orr,100188
mr.speedy_vp,125851
marialitti,173393
faselangormy,106278
cc66p,123130
rstgirl,133962
fzncn,100826
zbrushatpixologic,169140
cvija1989,157252
hmurobbie,105527
sgncapricornio,116349
kwrhome,133520
oops_ohemma,134809
ebrahimhashemii,188315
makarnavitma,102290
kdrama_mochi407,100663
univershara,108206
yzgn_moda_park,118355
oemar_mita,173200
istanbullugelin.tv,171660
ezwed.in,198617
yb.juzent,161291
iremakdemir,101436
kfahadalsaud,102376
lmp_m6,110449
hjstory.official,164938
ssnews,142742
ryantedder,180758
jdiamondisme,144670
mnetsmtm,179185
epic.humorr,144535
bynv,129093
raye,115540
szusz1313,141286
sweetlovegoals,143095
aramm.zp,126094
diycap,164099
czuuxphotos,104168
april.asmr,115248
eishasingh,111352
ewilkinson,118656
bkkfoodguide,175971
nadrooz,110599
allaboutmerch.kpop,120938
vtm.be,128106
darhaa_kw,131125
netolxoficial,168994
kbfofficial,179766
ai__hashimoto,172439
yyll,153949
ytclemence,153758
iinav4,103524
petalandpup,149940
mytheorry,137195
insta__ba9lawa,175898
ezlisaaloy,145206
eri.ogawa1102,169812
ryan.libbey,133223
pdogg428,166818
zoexlaverne,152204
plumfloral,169716
svoboda_misli,105657
zendayaupdate,161287
yangyang9199,140933
vsfsoutfits,145864
cvertes22,125803
niloofar_rajaeifar,131029
jw_inspirational,192650
sgncancer,116001
dfranklinofcl,165174
woahhvicky,117903
mthethwa_ntando,132803
dkbhbl,105697
oyetv,104708
zumraesarptesettur,108413
agusagazzani,143034
the.small.folk,146027
iwearglam,155627
inreallife,106025
igorlovepapa,180631
ghaddies,114847
mdnaskin,117698
imkylecooke,109022
bellaiwanna,116473
ltpro_official,138153
asmatchkotua,102534
hazaz_jeddah,134447
nsabeautyofficial,103745
fifi_abdoo,120293
kjsmeby,182952
bhabhi.44,172029
lynnwu0219,107835
esncom,108522
lyboov_ok,123733
time_coffee7,140089
lbvmakeovers,110110
lbelonline,128153
azadoffiziell,134789
yrisaraujo,151977
misaghimh,160428
ds_danielasalcedo,181383
sbasecamp,111187
eigabrielaraujo,162400
rwb_rauhweltbegriff,144435
bvelieber,111862
diegoklerma,125861
ooolalablog,178592
skincarethreadsis,162085
erfan___tkh,151586
sgnaquario,122370
cpcompanyuk,122960
go.ooo,185523
borodulina_91,160253
makeupbynurulmf,156952
plouise1,127543
bispaingridduque,197730
kkakka.kids,169257
theheelkid,165056
g_dulla_mulla,107927
zlatan_z10,146315
sad_citizen,111978
zmny4real,172881
g.bar.kiev,143463
pyaasi_bhabhi,109280
yhasihair,167973
uclambb,165669
tsunamy0327,143098
ricky_ot2017,196816
piatafm,131379
avtorynok.kg,136315
jlken_kurdiii,122666
cirpan_ev,108440
rm.news,128214
instavoetbalzone,165753
garenaaovid,172116
al_ghadeer_fashion,155177
atitude67,158307
ichijyo_hibiki,169537
fwikingsson,196184
classic.gucci_,190550
bellas.divinas_,151433
noora2525,123572
ioanachisiu,129592
awnbah,139749
shopping_turkis,180578
hairdressersjournal,163856
pulsenigeriahot,137818
siyahbeyazask.arab,131512
ideh_ziba,146540
qere,103188
travelbeautifulpakistan,179301
jeste__li__znali,147997
admin.anshlak,139559
nratv,113885
ezgisertellekadinlarbilir,112474
wemovement,170743
kameela_hijabku,122109
1pek_,106675
uzig42,168377
danitgreenberg,176099
mt.maitay,106660
yazeedalmaimouni,122165
uaensr,102607
clipack,173424
newsejazah,117577
xyz.graphic,172647
polo_bh,165340
igorlovepapa,180605
gboyswag_official,185951
nbb,119450
planetofthenails,181934
unutulmaz.muzikler,194901
zpail,131433
zxnella,163236
agatahanychova,144004
dilanmileafc,179280
maryan_ahmedey,107302
pn_nopat,104262
asafgoren1,102658
djmeechymeech,162063
z_flexing,171998
ielifkhan,163464
rtvklan,100247
bpguarasantos,180301
fggf221,190250
mostwantednl,183866
tsvidzz,189402
chiara.rk,122610
squishybunnii,182862
pjandthomas,116715
idillfirat,101789
agustin_sullivan,149639
saanyaakhatterr,145613
eic,151236
saraymontoya.sm,125774
ourluxuryhome,199652
xploit_comedy,130701
mahan_melorin,124563
khoda,124181
gnoyeseel,180949
cndworld,170772
ichijyo_hibiki,169531
osignosofc,110373
ohsofickle,140883
noey.bnk48office,174149
daddytyler,130144
15meals,128189
xa_xa_00,146755
nx.l5,109138
squidnice,101331
ihomeksa,151865
ibrahim_tatlises_,123159
iheartrevolution,129119
mbk.dia,171722
ytmichelleluna,111776
fm0,111627
second.outfits,140018
xeesoxee,141373
perryfellow,105034
pyar_hai_tumse,102931
elenmanasir_beauty,154523
itirafyerin_turkiye,156444
kif.kafsh,120042
helenacoelhooo,120193
nurizyan._,157072
omancareers,174564
mariaqahtan1,154184
fbbonline,120798
gossiptvtv,118425
zineb__said,143326
xj6oficial,161550
yamasaki_shigeru,168946
yangyang9199,140926
izmirgeyik,167701
chasingthesummerfields,106379
rx_carlitos,156289
cadenas_insta.snap_,136444
jvongphoumy,142001
bh_muharraqi,149668
dresses.on.sale,129990
bkmonline,182284
ju.kr._,134323
vman,140770
qafqazinfo_az,136829
gqmakeup,133350
lt73,126382
kdramastars_1,154527
kamera.arkasi,160505
bts.jeoncooky,179361
gdh559club,180399
vsemshpagat,160265
rochelle_fox,142253
alison__wu,172845
it_is_sarcastic,180293
ali.kasagam,171200
nichiiksa,159660
fvcktziniert,139356
wumitoriola,190537
clash_telerealite,191449
aaaoe__,177489
dgrazon,121476
dmermerci,105496
unitedhart,139843
rhiastylesx,153208
honeyandmore.kwt,135799
mckitinhooficial,150556
umy.umy.umy,106492
dr.carlabarber,108489
uk,165363
evie_arief,190015
yj_loves,155613
henry.lau89,107979
q_moneyyyy,112828
jkt48shani,126426
korrects,163820
mahaalturk_,129815
wrestling.stars,114122
jli_kurdi_shayesta,103420
tasty.art,135175
pdrmsia_official,146200
turkishdefense,128281
allforyougiih,158780
sokhanguyehaghofficial,138863
rejim_salamatii,146990
fyistore,107775
gvgv_official,124755
mdahoud19,144107
know_about_everything,188115
aa,120146
cristiano7.oficial,140201
iwwm,141948
u_broke_me_bae,108577
volkswagen_is_a_lifestyle,100679
oficialov7,190444
hbk_novosti,108141
ylafernandes,146141
nbafollowers0,157250
urbanskinrx,154583
jedet_,182450
problematizadores,107284
banjarmasinpost,114411
forever_kurmangazy,163965
tante_sarahardhelia,173130
csgoniko,169924
zvezdano__zna,118514
official_knk_ynb,161084
jlove.l,147876
idei_nogtey,145185
pjibabsolute,161649
equinox,190620
donnaromina,197584
jopnuta,166536
rgoins2,142539
withnhi,115261
sahel.sj,100080
mc_one_officielle,178533
_ox,142180
tpinsonn,114610
xtinerath,189043
klalaphotography,171913
yrafauzi,156249
vsbg.official,155097
teamdharmesh,177750
heroid.id,108576
dan_am_i,129188
selin_yagcioglu,153984
iamcardib.vuu,176982
hlsk,193556
hiitaylorblake,113768
odioelcolorazul,163304
pvaa,123648
tomospeedshop,134180
noelia.dp,170265
rb_atacado,137111
tyheadlee,103107
rtlde,105033
zeinaelfakahany,117179
ceec_official,169626
athap.saud,158412
gerda.topmodel.2018,149755
thisissigrid,186626
tflsz,124680
nhk_asaichi,141271
murder_ink_bmore,170267
anastasiya_kvitko_,108106
taayblue,130275
qhp,157236
rnj_motosport,137803
cronaldo7n,136728
ugaach_words,109567
rzof,196972
ekimbutik,185906
omarelpretinho,185882
oogimonster,132608
husein1610,125622
naninvintage,136025
qesatona,132846
cube_clc,184407
yhungto,166834
squishy_gammy,124178
p_zzin,110064
mee.wc,102418
hllt_,193469
hamsar_jazab,133007
kisa_sozler,193762
msglowbeauty,103318
zoozoo1985,157943
babe.weng,136325
awstenknight,123760
ceekaram,104078
oulfaxoul,149706
cplt20,125692
mmelody_shop,126439
si_nopal,178768
iweardins,111847
egorkreed_news,111024
att,155729
qyzdar.arasynda,133114
mtv_britinicol,107107
shaghayegh_7529,119436
irene.rvelvet,133068
chicbabe,127473
bramastaverell,175992
istanbullu_gelin,132684
kroq,104294
findik_ezgi,140340
oxana.bazaeva,106296
zvezdegranda,163044
a_y_s_e_l_1394,116360
vi.comedy,103900
dtep.officiel,117214
jbutland_,180621
ekaterina_saibel,128458
mycookingdiary.cz,140701
ostboys,176559
hmn.iranmanesh,129901
istgelintv,136839
ekaty,107273
rtl_exclusiv,135346
juunep,130329
suhana_khan_officiall,141526
dtp.05,198404
kmetaxa,178370
vfb,142884
cylelarin,122928
bnk48,176314
wlax_wlax,187181
aaraataamaa,129992
wwe4u_news,132684
yasmin_allsha,112596
bnanews,123769
jacob.mybae,176387
sable.kw,139820
obbyys,196303
jdream_kyujong,144966
lydiavalentin,179002
chanbaek_sister,132865
oi.moca,187954
puma_kr,124231
uygenial,118409
tpmpraquetequero,169895
ffxv,165826
dbsclub,156656
ideaonline,183477
foodiesvids,178565
ynasakinah,147123
hfconfess,108610
bcvytautas,104887
loslatidosdemicorazon,196023
those_called_celebs,107399
ovyonthedrums,117691
vrlgod,134210
curvemonstersglam,168410
xvofficiel,144278
ahmadirandoost1350,152124
fbable,121173
__ieat__,149517
fni,192848
ayrosmelody,142389
egmobilyadekorasyon,138927
voiceofcongo,178614
zulay_henao,191941
rubaricelli,116216
tommygenesis,146038
tokounionjack,174196
egg204,159150
pcfkpacifika,177983
ajstylesvwwe,100735
vval_e,125470
umarpad_,144143
black_crown_,104576
coupleslove7_,121095
skittlespam,140494
ctchrysler,138795
suzytoldi,151835
cs02coupleshop,121950
jlgarvin,100916
dymetaylor,127416
tgtmshop,108086
kvministries,113939
askvemavitv,103460
gymsharktrain,111184
phcantin,130251
irooonwoman,149211
fkqarabagh,142878
hfc__ss1,107970
xxdbreezyxx,103874
vtm_theking_4,199987
tsumugitopan,173755
zlatanibrahimovicparfums,115314
aanstory,194415
jpcc,112723
uwmadison,101739
uchenancy,153173
apipocamaisdoce,189485
gusazmi_ofc,112580
ifbbpro_behrooztabani,118165
udaku___special,196148
svenkramer,169226
1016kn,125554
sasha_zharkovaa,110008
ogrenyap,165864
iamddb,182358
sportaways,154429
tcrosleyfit,145880
daily.melanin,120162
hns_cff,146522
iblindonesia,160051
nba_youngboyz,149846
derrysulaiman,171512
ngakakkampret_,134585
l.bekaldieva002,118790
blaya_con_dios,194820
thenwda,115411
rzn_life,105960
leenakaziz,133366
kaidee_brandname1,133722
_tristanjones,198383
qadinlarin__mekani__,142733
swati_chauhan_,101538
gmk,108925
xoxolizeth,138926
zylofonmedia,140270
vian_yuwei,155298
jihye8024,149662
vdm_viedemerde,125834
fcbasel1893,146119
veronicacozzani,190481
igneoyasi.modelleri,127398
hw_sweets,156493
dshewaspretty,172463
bashbuta,112049
anastasi_nikiforova,194910
dnsh,128924
kloppogram,110357
ourdailydoseid,100088
bronny.james,175656
ursula,176520
tesyaar,137616
h.a,152988
fortalezaec,171546
gnfi,162632
wearebreitbart,175242
ipekevi,120066
sexy_mennon,101349
tl_delarue,178139
videosmyh,103951
d.u.d.a.gg1_,114427
afunnywii,103611
lawak_twitter,131752
04genls,161468
lyft,123865
kyakyasmr_slime,180011
hqkatyperry,125165
bynv,129097
qweeenbey,149241
yjiinp,166294
trapgame.edits,149699
noey.bnk48office,174137
iamkittens,121512
kevinpearn,111228
zarinathebosslady,105381
x.riyaaa,117393
i_tronisti,146541
aoi_morikawa0617,105058
axsamaz,146917
qdstvsat,145221
tomekomet,148876
yulianna_ys,182358
hobo_online_shopping,184026
dvicio_luis,116898
israel_bidur,123539
oradanelervar,119438
oxygenclothing,189107
jhuannas,186018
reinobarack,102775
oso_sudan,105958
djgelincik,123150
ugurrbay,147578
sevki8mine,178703
nuria.mh,160583
yui_papa,183066
yrashev,108859
uoltvefamosos,126769
cj_on_32s,174705
revistaeljueves,112867
okanturan8,138835
wba,189862
iamcardib.vuu,176977
iv.40,154859
dguerrier77,141834
ieeeorg,111376
jbfcustoms,122180
a_y_s_e_l_1394,116363
xya0,160837
oyemykke,115644
soap.asmr.ns,124140
xinstore_,107323
jhousevlogs,168592
saraaffifella,123697
cj_2.9,122042
ffaustobengoechea,169778
n_supersexy,170087
vremyaisteklo,157592
mxvideos_,136457
um__seba,173781
livupoficial,117575
quotes_anakbola,151325
isla_oficial,123541
rrr_aa9,190637
sgnvirgem,119404
artcaseshops,129204
goubtube,141711
pjs08,136219
pnscantikindo,143037
vodafone_unlimited,120897
dymalen_9868,111734
pu___reum,113658
add_tr,156630
km.collection,124210
ebone.capone,126902
fawales,192536
bvbytokyo,160215
rxpeso,137626
zamzamray,125843
dukiofficial_,136743
mmm1122,163449
ctaylor_3,101977
ffadejumo,179796
fjn_yr,130485
ipeksekerciler,118109
oidentistas,195590
iranlge,160758
bhabhi_cute,189326
99,179909
adrianconrad_,143158
burgerboutique,104451
gzmglr1,198678
mrcriminal,165022
nyonya_gosip,117070
gracieabrams,122857
b7bos,111016
hsuaner_write,138778
bvla,135222
dhea.zautha,179390
innitchapat,157607
ucla,161302
rvcj.in,112884
ebruerkut,160943
ugurlubebek,103616
dnagtfoh,105774
aammaaziing,191633
ufaktefekcinayetlerstartv,110979
gshock_jp,145156
ibzugasti,122668
tvarapuan,158378
swizzcars,127048
duwapkaine,121040
ramirez_187,126262
qef_pa_kufi,117717
tx2k,104773
newsejazah,117578
njashka__,138527
fi1izm,124718
muvyz,119673
emp_de,180301
jstalinlivewire,155160
hb_abdallah_bin_jafar_official,129152
jwchubz,123090
rbrboxing,117824
mgemi,102496
alyxstudio,194232
ezagio,191297
plotwistaudios,141596
100kila,114169
np5,183408
tvbcomhk,147543
tptglobal,107484
saginghilaw15,126313
megvalamit,139585
myfunfact,123290
kpop_ina,126268
usesisters,199214
oxygen,104883
klondikeblonde,137491
saucy.sev,129722
ainyan_0302,148902
rintiksedu,154315
oroscopofb,122532
slime.syhrh,107207
ebonysfinest_,132058
aoi186,146176
ringtoperfection,105496
eighthmermaid,150648
yvesrocher_russia,140782
oqu,164052
bk_kimm,118617
hlacomunicaciones,130290
jkiguatemi,112403
ggeika,132465
iris.irina,133711
ebtkaratchina,156041
dianaradmehr_org,131706
afa.oficial,145758
orquiss,185445
jjabramsofficial,165564
pt_squishy_lover,167835
reaksirakyat1,115847
taradurotoye,170078
appleandcoffee,135848
bammybestowed,185631
jin112jin,105198
embs_hq,103766
fnaticrekkleslol,111263
hfc.t,139633
macacotwelves,149707
hz.mevlanapaylasimlari,133696
bingoindopics,142676
otilebrown,150210
katarinarodri,198137
ozozan,127909
omr.bsra,108446
sc6ut,103400
cp0031,127652
ntr_official,157589
tb12sports,198829
xlextralarge,172151
nhatle2406,188940
h_h_m0519,147693
xtcdallas,129261
estaregrams,124463
xlady_official,166905
innluu,188701
embracingblackculture,160482
ejackson_4,116600
ybki_shop,121533
w7pw,153609
_zoe_jb,166191
uarunning,176653
uchebe1,135609
usykaa,143231
qtjazz,113123
kxrmxzx,168576
fashionjunkie9ja,125455
einerd.com.br,105812
rtannehill17,141055
comedianebiye,158946
bgcviral,100101
ccll,143501
xdan_z,158899
oxypuki,133021
syamsir11alam,190092
vje_vita,124196
dresses.on.sale,129989
zradfordboy,112930
lorigraam,127418
kuafor_beratpolatoglu,165862
hxtxg,119986
fjalteshpirtit,148104
fyn_facey,154953
azadylmaz,172953
fayrouz.lovers,172468
seo_hsss,109664
zurylll,139979
harrydailyupdates,157537
jc,157303
itr_2015,118813
federossi.official,117340
obuv_sumki_lfv_,179054
sriwijayapedia,139354
hbgoodie,148963
syuichiro_naito,181477
erfanyousefi_,105966
gmnwenche,132248
cottonshop_kz,118861
sibsorkhi,194422
yamasaki_shigeru,168950
asem_ai_taraz,194589
pnv.malemodel.network,117035
tng.oficial,100044
iw81,101481
hn0_,192440
srkkian,103669
dzandertraining,166265
ksa.dress,187072
uaesmsar,116576
olechkafomochka,118055
winsonreynaldi,108991
ehfcl,120768
vhi,120006
pmdeleon22,185038
leon.content,147528
makeupfairypro,150682
nyhetsmorgon,166962
yejinkkk,106193
hansstyle_hanna,194794
juicewrld999,122956
si.ocong,171396
benim__magazam,177517
ewtnmedia,104001
kosha_studio,179613
ysffguler,152183
unenvironment,195677
qheylazavyeravalendro,140500
myfunfact,123287
adl_dk,176049
ninanesbitt,188776
qhaleesaa,119299
raminhematii,169463
wwe_newsp1,124615
uygardoganay,119082
puhutv,167182
ejstaytrill,181094
vknxt,124957
pauloviniciuscoelho,122113
zlivaneli,114260
rmscanal,145831
cbstv,146629
rjking3,120579
jj_minii,116455
pbteen,165418
yen_tak,115647
greeicy.rend0n,139642
tdhofficial,105673
ue1124,165821
uru.chan,114531
teyor_aljannah,101110
mundotkmcom,195871
uvynee_,151227
kookoo900,151014
nhatle2406,188939
iam_slimcase,148820
faisalnasimuddin,166892
nursajatgold02,102801
pandora,147272
pnstorebr,157492
villarlydia,132559
pvra.official,114937
cw_dynasty,107657
imax.movies,158052
vkyeah94,170667
nmadiny,181230
dilarayegin01,169645
xean.amanda,180817
gyoe_re,100247
odiariodopaideeverton,154402
yehdeb,147479
yoooshtk,103135
udavala22,115544
ui.designs,180332
ffw,144769
fwvontae,178216
uae_7alal,111399
couple.murmur,134302
utamu_wa_mapenzi_,146001
notedlove,130166
funk.brasill,151954
zinzaneoficial,154221
dyandra_zafira,115244
umitkantarcilar,181955
cs_shop1976,107483
jbmauneyxv,162207
sriwijayaworld,103000
northern_hibiscuss,102465
coxandcox,125019
thevacationjj,120203
buinggi,160788
ozodlikradiosi,161205
jailyneojedapremium,102196
manikki.x,116548
mohamd99y,108409
mlbkorea,150682
vw.c1ub,146112
pp_recepti_pp,126025
mzansimemes,114630
cvaporetti,110063
aarondonald99,128021
nakapus,192365
khabib_nvrmagomedov,105048
ql3t_alt5fedat,172516
btsoffic.ial,111207
oh.mamiblue,124234
xkaryy,139125
ppkoficial,176290
atcq,139581
rreth.femrave,193616
ldh_tv_official,131358
zip_maslo,129483
dlsb.co.uk,103411
udemy,111621
okancekicc,157821
oqelasgostam,110799
iuf,129060
bdcnyc,110315
cskfansofficial,139415
tt_sisterparis,112156
xploit_comedy,130711
yyyukiyy,126336
blackmenwithstyle,110726
yaenniverfromtheblock,196876
yildizablaniz,161476
hla.fashion,111919
sriwijayaworld,102993
tjthynegram,130856
maarieyes,151211
apegomaterno,130684
ounas37,135494
kata_kata_tni_polri,182671
ummubalqis.blog,122667
psychedsoldier,176799
pwr.g,120970
hind_ik,130046
m_albryk,101648
gizmiztel,123299
nufc,156323
qirazali0808,192894
originalmcsavinon,172379
dpg7000,109430
background_pxstel,139340
ikosakioduwa,130703
fdmflordamoda,134221
eranzahavi,101503
slimeyfailure,103747
uneptitejajouxyt,136485
gydajp,154959
nut,138497
ea_sports_france,168096
fazilethanimvekizlaridizisi,168158
aqsakhan1188,113028
fdasuarez,115634
jf3_5,113176
plesboltv,123020
equiperbd,199316
_sjjo,113256
rkofficiel77,151794
l.h.mom,133223
scantiqz.spam,108429
usikdasha,144867
jocxletspam.acc,122386
didem.zeybek,149157
pontianakmedia,108188
a,115844
regtoofunny,139690
nvdia.jpg,100779
